shot_id,frame_or_route,preset,viewport,size,scheme,modifiers,covers,decision_or_issue,filename,sha256,bytes,true_format,pixels,source_snapshot,harness,harness_sha256,browser,device_scale_factor,captured_utc,readiness,dialog_roles,selection_visible,limitation,evidence_class
S01,M1,M1,phone,390x844,light,,"New topic open, title focus (C01, stage 2)",,S01__M1__390x844__light.png,f9d5f370ea8f7f63e5843362a06b9c5d6aa37831098480cbf65ea9e52121cc50,41118,PNG,390x844,1155798935fd3fc5826aed5fb96ad7736e5b4bfeb4afbd6de4169f6d20e89f9a,_shot_S01.dc.html,2bbb5a61215853bd13ceeb599b6ae51a4ecca1bde791b22c8902ea6422c2f341,HeadlessChrome/153.0.8010.12,1,2026-09-30T09:39:53Z,frame+ready+fonts,—,—,—,"Simulated frozen-design render (FmComposer4 prototype, headless Chromium); not Discourse, device or AT proof"
S02,M2,M2,phone,390x844,light,,"Writing with keyboard; strip; caret rule (C04, stage 3)",,S02__M2__390x844__light.png,ca3354d0df61b0cabcc544ffcafeeeab1a8e6719e1a9863ccf9b70ed5a9778ed,65081,PNG,390x844,1155798935fd3fc5826aed5fb96ad7736e5b4bfeb4afbd6de4169f6d20e89f9a,_shot_S02.dc.html,5b18ab2321e485208b9fc475e128409254ca4192aef2813827e62a7dd4ebdf43,HeadlessChrome/153.0.8010.12,1,2026-09-30T09:39:54Z,frame+ready+fonts,—,—,—,"Simulated frozen-design render (FmComposer4 prototype, headless Chromium); not Discourse, device or AT proof"
S03,M3,M3,phone,390x844,light,,"Format tray over keyboard, selection kept (stage 3 gate)",I-12 fix check,S03__M3__390x844__light.png,82826eb9d8343f4e1c989ca47e809be26600990d1e92cfb296ce32581862717f,61878,PNG,390x844,1155798935fd3fc5826aed5fb96ad7736e5b4bfeb4afbd6de4169f6d20e89f9a,_shot_S03.dc.html,1d5d76329eaf41ea60153771a0f9da979724c99590ff2c939546706597e67da4,HeadlessChrome/153.0.8010.12,1,2026-09-30T09:39:55Z,frame+ready+fonts,—,yes (32px clearance),—,"Simulated frozen-design render (FmComposer4 prototype, headless Chromium); not Discourse, device or AT proof"
S04,C05,C05,phone,390x844,light,,Markdown source (C05),,S04__C05__390x844__light.png,1f53bb59e8adebdf379e2ec1d45f33f87ed771f7fb71b7a7ba54cd7133617976,60376,PNG,390x844,1155798935fd3fc5826aed5fb96ad7736e5b4bfeb4afbd6de4169f6d20e89f9a,_shot_S04.dc.html,89523a40707abaa226c9920bfb16dc59e3c2956d143fa39a31f10abde704f511,HeadlessChrome/153.0.8010.12,1,2026-09-30T09:39:57Z,frame+ready+fonts,—,—,—,"Simulated frozen-design render (FmComposer4 prototype, headless Chromium); not Discourse, device or AT proof"
S05,C09,C09,phone,390x844,light,,Similar topics expanded (C09),,S05__C09__390x844__light.png,8174e324fd1a3385212fa3d05650ef05a4c01a3d8ec95157cc008f5e96cb654d,51012,PNG,390x844,1155798935fd3fc5826aed5fb96ad7736e5b4bfeb4afbd6de4169f6d20e89f9a,_shot_S05.dc.html,a918e1db2861be469df5141cd5297cbae40c738070c6a3fb5784c3ffc1d860e3,HeadlessChrome/153.0.8010.12,1,2026-09-30T09:39:58Z,frame+ready+fonts,—,—,—,"Simulated frozen-design render (FmComposer4 prototype, headless Chromium); not Discourse, device or AT proof"
S06,TAB-9,C03,tabletP,834x1194,dark,,Destination form sheet on tablet (C03),I-1 fixed,S06__TAB-9__834x1194__dark.png,39f1bbc13dd5fe963487f83e328b711f4f1f9868e450d973fbb7e03d3476945c,95768,PNG,834x1194,1155798935fd3fc5826aed5fb96ad7736e5b4bfeb4afbd6de4169f6d20e89f9a,_shot_S06.dc.html,0b5b9a700625b6df0e6eddd6bb4ec431a9c6a7231a73fe8258cce87ccb33c477,HeadlessChrome/153.0.8010.12,1,2026-09-30T09:40:00Z,frame+ready+fonts,dialog,—,—,"Simulated frozen-design render (FmComposer4 prototype, headless Chromium); not Discourse, device or AT proof"
S07,TAB-11,C06-3,tabletP,834x1194,light,,"Uploads during rotation (named frame, r1)",I-1 fixed,S07__TAB-11__834x1194__light.png,2028eefd3fefacfc24a9588973c67e91440757413091f7e95fda92f77cfa80d8,95988,PNG,834x1194,1155798935fd3fc5826aed5fb96ad7736e5b4bfeb4afbd6de4169f6d20e89f9a,_shot_S07.dc.html,b91abeae8bd95af03f0452edbe9a440b85148fbbb83ef5966207645cb211ef82,HeadlessChrome/153.0.8010.12,1,2026-09-30T09:40:01Z,frame+ready+fonts,—,—,Static state; the rotation transition itself is not a still.,"Simulated frozen-design render (FmComposer4 prototype, headless Chromium); not Discourse, device or AT proof"
S08,C07-4,C07-4,phone,390x844,light,,"Preview failed, link kept",D7,S08__C07-4__390x844__light.png,302959a4a8855a89434b978e801873257ba00a8a4b877f2c3128dba7d4cc4264,50506,PNG,390x844,1155798935fd3fc5826aed5fb96ad7736e5b4bfeb4afbd6de4169f6d20e89f9a,_shot_S08.dc.html,445c52206f95e5167a956bd9084025cdf1b50af9e3750ab789f2330518f17e5e,HeadlessChrome/153.0.8010.12,1,2026-09-30T09:40:02Z,frame+ready+fonts,—,—,—,"Simulated frozen-design render (FmComposer4 prototype, headless Chromium); not Discourse, device or AT proof"
S09,C07-6,C07-6,phone,390x844,light,,Insert link on selection (C07·a),I-12 fix check,S09__C07-6__390x844__light.png,4907d08cb80bd2116455570bcf8a75dd3d0240b18c3f8d131c6c2a486eda839d,56958,PNG,390x844,1155798935fd3fc5826aed5fb96ad7736e5b4bfeb4afbd6de4169f6d20e89f9a,_shot_S09.dc.html,385d3e09040a9e8a8a1a754738d9f551c98b0b3ba09e346b5f9feccaf6feb010,HeadlessChrome/153.0.8010.12,1,2026-09-30T09:40:04Z,frame+ready+fonts,—,yes (32px clearance),—,"Simulated frozen-design render (FmComposer4 prototype, headless Chromium); not Discourse, device or AT proof"
S10,C10-2,C10-2,phone,390x844,dark,,Reply to a person (C10),,S10__C10-2__390x844__dark.png,55c5edb686d4ef66b7c8c3eb49153ba9e8b3e3f17709b56f8926e6ef97e8116d,34724,PNG,390x844,1155798935fd3fc5826aed5fb96ad7736e5b4bfeb4afbd6de4169f6d20e89f9a,_shot_S10.dc.html,23f2e3973758b9dc6711919584cee9688915ec7e0d1b75d537af0a008825a633,HeadlessChrome/153.0.8010.12,1,2026-09-30T09:40:05Z,frame+ready+fonts,—,—,—,"Simulated frozen-design render (FmComposer4 prototype, headless Chromium); not Discourse, device or AT proof"
S11,C10-4,C10-4,phone,390x844,light,,Quoted reply with attribution (C10),,S11__C10-4__390x844__light.png,300ca42d880d9e1a17b99ffb56d13dd16a3dae122128930d33e1d33ad741780b,47196,PNG,390x844,1155798935fd3fc5826aed5fb96ad7736e5b4bfeb4afbd6de4169f6d20e89f9a,_shot_S11.dc.html,1c9f2591bfa3d511797f21bc6a5f774a7685a5fc8088f07c66b1e596a0691a76,HeadlessChrome/153.0.8010.12,1,2026-09-30T09:40:06Z,frame+ready+fonts,—,—,—,"Simulated frozen-design render (FmComposer4 prototype, headless Chromium); not Discourse, device or AT proof"
S12,C06-3,C06-3,phone,390x844,light,,"Three uploads in place (C06, stage 4)",,S12__C06-3__390x844__light.png,1bdcaed6ea39e62c487adbdf468de35af092503ddd2f96fb94907ceada435c32,65017,PNG,390x844,1155798935fd3fc5826aed5fb96ad7736e5b4bfeb4afbd6de4169f6d20e89f9a,_shot_S12.dc.html,a6d73237f3d69e9240b56c955e4ea2ac2886719f3e5bd12c5d7f0e791de0e309,HeadlessChrome/153.0.8010.12,1,2026-09-30T09:40:08Z,frame+ready+fonts,—,—,—,"Simulated frozen-design render (FmComposer4 prototype, headless Chromium); not Discourse, device or AT proof"
S13,C06-4,C06-4,phone,390x844,light,,Partial upload failure,,S13__C06-4__390x844__light.png,ea5e92b9b21240f678dcf22175a02df19abd7d1a70de5d1274bd30cbe1502a86,58359,PNG,390x844,1155798935fd3fc5826aed5fb96ad7736e5b4bfeb4afbd6de4169f6d20e89f9a,_shot_S13.dc.html,5465a37fa10e865a90f1a9bab2545ec3b2d1cbaa5c6a1955b9906a2eb26119f2,HeadlessChrome/153.0.8010.12,1,2026-09-30T09:40:09Z,frame+ready+fonts,—,—,—,"Simulated frozen-design render (FmComposer4 prototype, headless Chromium); not Discourse, device or AT proof"
S14,C06-6,C06-6,phone,390x844,light,,Alt text tray (Partial in COV),,S14__C06-6__390x844__light.png,f71023f57380c1b3a9392042496a83b1fa14dd4c288b0fc97f8134cef7655819,57571,PNG,390x844,1155798935fd3fc5826aed5fb96ad7736e5b4bfeb4afbd6de4169f6d20e89f9a,_shot_S14.dc.html,16894edc4fd8a5001ca6141e72bb5fab76d880867b85a096a1dab42f85fc6dc3,HeadlessChrome/153.0.8010.12,1,2026-09-30T09:40:10Z,frame+ready+fonts,—,—,—,"Simulated frozen-design render (FmComposer4 prototype, headless Chromium); not Discourse, device or AT proof"
S15,C06-7,C06-7,desktop,1280x800,light,,Drop on desktop,,S15__C06-7__1280x800__light.png,12c5a76b6877dcf15522043d15349de2b344edda4611490e9ad65cb1039dd3c7,37711,PNG,1280x800,1155798935fd3fc5826aed5fb96ad7736e5b4bfeb4afbd6de4169f6d20e89f9a,_shot_S15.dc.html,418d6ad8cf22996231f8686ebb2d58234932075ce90a45faf5a821bb019e7919,HeadlessChrome/153.0.8010.12,1,2026-09-30T09:40:12Z,frame+ready+fonts,—,—,—,"Simulated frozen-design render (FmComposer4 prototype, headless Chromium); not Discourse, device or AT proof"
S16,C08-1,C08-1,phone,390x844,light,,More with all tools,"D2, D9",S16__C08-1__390x844__light.png,b679118d63683565faf9f5fc7157ed80585e0f79314e5fc9b0351328bf8b0a7d,55420,PNG,390x844,1155798935fd3fc5826aed5fb96ad7736e5b4bfeb4afbd6de4169f6d20e89f9a,_shot_S16.dc.html,1c89a9568a4f2c7a90148db20e71bdf853a5ec2ac4aed3d58fd543f3ca982e99,HeadlessChrome/153.0.8010.12,1,2026-09-30T09:40:13Z,frame+ready+fonts,dialog,—,More sheet has no emoji tool (D9 evidence).,"Simulated frozen-design render (FmComposer4 prototype, headless Chromium); not Discourse, device or AT proof"
S17,C08-4,C08-4,phone,390x844,light,,Details insert sheet,D6,S17__C08-4__390x844__light.png,191e6a85c447ea38c741bc2c6bc9b6a7f062718a0bf1a662be5590c9d152d0b5,59134,PNG,390x844,1155798935fd3fc5826aed5fb96ad7736e5b4bfeb4afbd6de4169f6d20e89f9a,_shot_S17.dc.html,26527512842b0a999b4de8cb110a017f2cb1a3e14be8586cf3e79dc6e00e3e60,HeadlessChrome/153.0.8010.12,1,2026-09-30T09:40:14Z,frame+ready+fonts,dialog,—,—,"Simulated frozen-design render (FmComposer4 prototype, headless Chromium); not Discourse, device or AT proof"
S18,C08-8,C08-8,phone,390x844,light,,Poll validation (copy differs from core),,S18__C08-8__390x844__light.png,5f07c7f4ef180f69dabeaa09bcfad2b60058a471f8b703ff342287ca82d9a507,61319,PNG,390x844,1155798935fd3fc5826aed5fb96ad7736e5b4bfeb4afbd6de4169f6d20e89f9a,_shot_S18.dc.html,9ff58f77e9c91e96c79ad705388e6aa0df6fa007c447fa636431950f3418390b,HeadlessChrome/153.0.8010.12,1,2026-09-30T09:40:16Z,frame+ready+fonts,dialog,—,—,"Simulated frozen-design render (FmComposer4 prototype, headless Chromium); not Discourse, device or AT proof"
S19,C08-10,C08-10,phone,390x844,light,,Mention results (C08·b),,S19__C08-10__390x844__light.png,0d5d2292d05e998942ac2a202e69c18a2d94da4e413b92c5afeac1c51836662c,61036,PNG,390x844,1155798935fd3fc5826aed5fb96ad7736e5b4bfeb4afbd6de4169f6d20e89f9a,_shot_S19.dc.html,bb9c90ad1bae79ee5364ec577602dcce484715cbc10e20a9c175efcc52a9ab01,HeadlessChrome/153.0.8010.12,1,2026-09-30T09:40:17Z,frame+ready+fonts,—,—,—,"Simulated frozen-design render (FmComposer4 prototype, headless Chromium); not Discourse, device or AT proof"
S20,C12-1,C12-1,phone,390x844,light,,Saving draft status,LT,S20__C12-1__390x844__light.png,7508bd1029f93965cacc906dc0f26d930c0fc40a51017d8da85ae4e86718e27b,49307,PNG,390x844,1155798935fd3fc5826aed5fb96ad7736e5b4bfeb4afbd6de4169f6d20e89f9a,_shot_S20.dc.html,a7aac0959b5d11b2000aed9e036969d18c5a074cb978fe5967ef9860b904100f,HeadlessChrome/153.0.8010.12,1,2026-09-30T09:40:18Z,frame+ready+fonts,—,—,Spinner static.,"Simulated frozen-design render (FmComposer4 prototype, headless Chromium); not Discourse, device or AT proof"
S21,C12-4,C12-4,phone,390x844,light,,Save failed banner,,S21__C12-4__390x844__light.png,02ab9406c49615f3a1dbf44b2f4a8820fb5f9ccb9c144cf55536aa152f35adae,60915,PNG,390x844,1155798935fd3fc5826aed5fb96ad7736e5b4bfeb4afbd6de4169f6d20e89f9a,_shot_S21.dc.html,b122f6117e9145b867dc6812bdbf396a26047e34add3fcda66858a71eaa3e6f7,HeadlessChrome/153.0.8010.12,1,2026-09-30T09:40:20Z,frame+ready+fonts,—,—,—,"Simulated frozen-design render (FmComposer4 prototype, headless Chromium); not Discourse, device or AT proof"
S22,C12-5,C12-5,phone,390x844,dark,,Offline close blocked,D4,S22__C12-5__390x844__dark.png,378b009cf05cd1cfbc0985a62cfe766aa0dbb19a9e4744573380f1cadc1d1c4b,64282,PNG,390x844,1155798935fd3fc5826aed5fb96ad7736e5b4bfeb4afbd6de4169f6d20e89f9a,_shot_S22.dc.html,4233284b392747757ee88cb61925d9fd4f3767f9a05c7d8562fc36dd729f1e14,HeadlessChrome/153.0.8010.12,1,2026-09-30T09:40:21Z,frame+ready+fonts,—,—,—,"Simulated frozen-design render (FmComposer4 prototype, headless Chromium); not Discourse, device or AT proof"
S23,C15-1,C15-1,phone,390x844,light,,Draft changed elsewhere,D3,S23__C15-1__390x844__light.png,06aafc98c5eba4f6a6c611eb91ad8176947e540d7a1c9f625cb903b318f91973,67386,PNG,390x844,1155798935fd3fc5826aed5fb96ad7736e5b4bfeb4afbd6de4169f6d20e89f9a,_shot_S23.dc.html,d9d5a1a30f78165307bd3437c9af13469a2572bec37e699f30516f77b46a99dd,HeadlessChrome/153.0.8010.12,1,2026-09-30T09:40:23Z,frame+ready+fonts,—,—,—,"Simulated frozen-design render (FmComposer4 prototype, headless Chromium); not Discourse, device or AT proof"
S24,C15-3,C15-3,phone,390x844,dark,,Post edit conflict,,S24__C15-3__390x844__dark.png,aeec357f75359c3f353235b4c1c534f55931121a6d23269e5dfdf4e7c3060430,40248,PNG,390x844,1155798935fd3fc5826aed5fb96ad7736e5b4bfeb4afbd6de4169f6d20e89f9a,_shot_S24.dc.html,5ef534e64fc89a801ca4f374db9d561fb57191bf3788b364a5b716ec1d0cf956,HeadlessChrome/153.0.8010.12,1,2026-09-30T09:40:24Z,frame+ready+fonts,—,—,—,"Simulated frozen-design render (FmComposer4 prototype, headless Chromium); not Discourse, device or AT proof"
S25,C13-4,C13-4,phone,390x844,light,,Category permission revoked (C13),,S25__C13-4__390x844__light.png,42440448efa808bf7a37618c47f4b3bbfe4548a70e81015f279017d5e0fcee35,70198,PNG,390x844,1155798935fd3fc5826aed5fb96ad7736e5b4bfeb4afbd6de4169f6d20e89f9a,_shot_S25.dc.html,059613b259793719732be52e039ce7043261e905684d24cfccd4c7251bf7a3fb,HeadlessChrome/153.0.8010.12,1,2026-09-30T09:40:25Z,frame+ready+fonts,—,—,—,"Simulated frozen-design render (FmComposer4 prototype, headless Chromium); not Discourse, device or AT proof"
S26,C19-3,C19-3,phone,390x844,light,,Topic closed while writing (C19),,S26__C19-3__390x844__light.png,e7abc72f61aea809dfe2f291ed0bd30bf22fa482daf3d52ec5a614ab361e02e4,38977,PNG,390x844,1155798935fd3fc5826aed5fb96ad7736e5b4bfeb4afbd6de4169f6d20e89f9a,_shot_S26.dc.html,e83ba66f4b3ad74118f798db94ae69e7936a28fd99738108f3fda718ef31cce1,HeadlessChrome/153.0.8010.12,1,2026-09-30T09:40:27Z,frame+ready+fonts,—,—,—,"Simulated frozen-design render (FmComposer4 prototype, headless Chromium); not Discourse, device or AT proof"
S27,C19-4,C19-4,phone,390x844,light,,Session expired,D10,S27__C19-4__390x844__light.png,e00978e2aa242d1ca5a4fab5b2dc0ad1f662f4ba1053368d24e821eb5f9e7f6e,60390,PNG,390x844,1155798935fd3fc5826aed5fb96ad7736e5b4bfeb4afbd6de4169f6d20e89f9a,_shot_S27.dc.html,510d834cc16c156d77d12ba09216d28f6754ad0b3b920d650bf5642de860aa0c,HeadlessChrome/153.0.8010.12,1,2026-09-30T09:41:38Z,frame+ready+fonts,—,—,Recaptured after an operator error overwrote the first file (before hashing); see capture-log note.,"Simulated frozen-design render (FmComposer4 prototype, headless Chromium); not Discourse, device or AT proof"
S28,C16-1,C16-1,phone,390x844,light,,"Submitting, busy (C16)",,S28__C16-1__390x844__light.png,f265d4d5fdef8e2b9d3fa89f9c90f09ba149a07be2151f322cdf44c9e00b953f,49771,PNG,390x844,1155798935fd3fc5826aed5fb96ad7736e5b4bfeb4afbd6de4169f6d20e89f9a,_shot_S28.dc.html,1014fa887aa08d774cc4f4cbf407d700d1ba09db86648f9770bbe1e621b375aa,HeadlessChrome/153.0.8010.12,1,2026-09-30T09:40:29Z,frame+ready+fonts,—,—,Spinner static.,"Simulated frozen-design render (FmComposer4 prototype, headless Chromium); not Discourse, device or AT proof"
S29,C16-4,C16-4,phone,390x844,light,,Edit saved return (C16),,S29__C16-4__390x844__light.png,4e941c9983970fd7842a60c7dadcc573df72f82f1a91fcdd74dcb44a2c81e2f5,59024,PNG,390x844,1155798935fd3fc5826aed5fb96ad7736e5b4bfeb4afbd6de4169f6d20e89f9a,_shot_S29.dc.html,13d421bd344e9bcc22e89335f95f4ce1e4532eddeda46a65d2c8f4342d49fef7,HeadlessChrome/153.0.8010.12,1,2026-09-30T09:40:31Z,frame+ready+fonts,—,—,—,"Simulated frozen-design render (FmComposer4 prototype, headless Chromium); not Discourse, device or AT proof"
S30,C17,C17,phone,390x844,light,,Awaiting approval (C17),,S30__C17__390x844__light.png,01dcba6fca176bf3554498518de30fdad1d0f1e512767b8a0c8abf72e1ae7f25,41237,PNG,390x844,1155798935fd3fc5826aed5fb96ad7736e5b4bfeb4afbd6de4169f6d20e89f9a,_shot_S30.dc.html,d653da7290f13251868c813f78a920c950c65ae5ec25a383f6db9b0686e34cf2,HeadlessChrome/153.0.8010.12,1,2026-09-30T09:40:32Z,frame+ready+fonts,dialog,—,—,"Simulated frozen-design render (FmComposer4 prototype, headless Chromium); not Discourse, device or AT proof"
S31,C18-4,C18-4,phone,390x844,light,,Form category switch,"D5, D8",S31__C18-4__390x844__light.png,cb3bb978a72c8f2dce0c42cccb6822f17f32d672e52aa3d82abbacf580f6c597,50610,PNG,390x844,1155798935fd3fc5826aed5fb96ad7736e5b4bfeb4afbd6de4169f6d20e89f9a,_shot_S31.dc.html,4500f74273ce89ebca866538edee1cdaa5640fdb4e186b84393c3b2ac56888ea,HeadlessChrome/153.0.8010.12,1,2026-09-30T09:40:33Z,frame+ready+fonts,dialog,—,—,"Simulated frozen-design render (FmComposer4 prototype, headless Chromium); not Discourse, device or AT proof"
S32,TAB-1,M2,tabletP,834x1194,light,,"Docked portrait, keyboard",D1,S32__TAB-1__834x1194__light.png,2c277f688ed96b7157213d330eca1fd30d20d1d162d156a04c2c8642d02e5966,97011,PNG,834x1194,1155798935fd3fc5826aed5fb96ad7736e5b4bfeb4afbd6de4169f6d20e89f9a,_shot_S32.dc.html,4a1b2a50c0cd15f82322507f93fe79fac34af2f60bc0579e6219b8829c4de63e,HeadlessChrome/153.0.8010.12,1,2026-09-30T09:40:35Z,frame+ready+fonts,—,—,—,"Simulated frozen-design render (FmComposer4 prototype, headless Chromium); not Discourse, device or AT proof"
S33,TAB-3,M2,tabletL,1194x834,light,,Landscape auto full height,D1,S33__TAB-3__1194x834__light.png,36c4b0327e71dedbdb68b21959bfa2af83aa16c513822c24331b1bade35d0313,71242,PNG,1194x834,1155798935fd3fc5826aed5fb96ad7736e5b4bfeb4afbd6de4169f6d20e89f9a,_shot_S33.dc.html,547fe67c9bca2c7c2b512a3b5f8d3d6314b101e64a6d0f6779e07bb160b4dc29,HeadlessChrome/153.0.8010.12,1,2026-09-30T09:40:36Z,frame+ready+fonts,—,—,—,"Simulated frozen-design render (FmComposer4 prototype, headless Chromium); not Discourse, device or AT proof"
S34,TAB-4,M3,tabletL,1194x834,light,hwkb,Hardware keyboard + trackpad,D1,S34__TAB-4__1194x834__light__hwkb.png,a7656dfa1c66da341e32c32a6fcfffb14b0bc45200876c65827b9e605f3a9488,84094,PNG,1194x834,1155798935fd3fc5826aed5fb96ad7736e5b4bfeb4afbd6de4169f6d20e89f9a,_shot_S34.dc.html,a938072da3255a49a84315f55df044bc6495f1b1891b8a624e9fb5cda516aac8,HeadlessChrome/153.0.8010.12,1,2026-09-30T09:40:37Z,frame+ready+fonts,—,yes (33px clearance),—,"Simulated frozen-design render (FmComposer4 prototype, headless Chromium); not Discourse, device or AT proof"
S35,TAB-5,M2,split600,600x834,light,,Split 600 full height,D1,S35__TAB-5__600x834__light.png,9029157e6e13487c70662f4253f3bd0c6ddf4699dac7c2ef8392464b9a07ec8f,66976,PNG,600x834,1155798935fd3fc5826aed5fb96ad7736e5b4bfeb4afbd6de4169f6d20e89f9a,_shot_S35.dc.html,bc663312fc6b610e0fb8cd98759246155ff6fd30f2e6512749c350e96b04d44e,HeadlessChrome/153.0.8010.12,1,2026-09-30T09:40:39Z,frame+ready+fonts,—,—,—,"Simulated frozen-design render (FmComposer4 prototype, headless Chromium); not Discourse, device or AT proof"
S36,TAB-6,M2,splitNarrow,375x834,light,,Narrow split phone rules,D1,S36__TAB-6__375x834__light.png,2433eb2aa6cf2f37b2c04269f514d39a633ee831c6d02b9ba8761301b54575dc,64717,PNG,375x834,1155798935fd3fc5826aed5fb96ad7736e5b4bfeb4afbd6de4169f6d20e89f9a,_shot_S36.dc.html,cc096aaeb7b404da3861b46639729867fff48662c3ed475639766879bd70bed7,HeadlessChrome/153.0.8010.12,1,2026-09-30T09:40:40Z,frame+ready+fonts,—,—,—,"Simulated frozen-design render (FmComposer4 prototype, headless Chromium); not Discourse, device or AT proof"
S37,TAB-8,C08-1,tabletP,834x1194,light,,More popover on tablet,"D1, D2, D9",S37__TAB-8__834x1194__light.png,0e3028f6e30fd719f52bf3d6dbf297aa36da731e44854db83d5374f6145c37ba,98988,PNG,834x1194,1155798935fd3fc5826aed5fb96ad7736e5b4bfeb4afbd6de4169f6d20e89f9a,_shot_S37.dc.html,0f51572c3ac710caea4e722413f6a24615a6d9b61c371167cad34e3120248ab5,HeadlessChrome/153.0.8010.12,1,2026-09-30T09:40:42Z,frame+ready+fonts,dialog,—,Review preset has no keyboard up; 'keyboard stays' not depicted.,"Simulated frozen-design render (FmComposer4 prototype, headless Chromium); not Discourse, device or AT proof"
S38,D-1,C01,desktop,1280x800,light,,Desktop docked new topic,,S38__D-1__1280x800__light.png,be941244bb5e0be1bea6ac2feef57bf721b951ec13656001c2f1358f24ddf614,49183,PNG,1280x800,1155798935fd3fc5826aed5fb96ad7736e5b4bfeb4afbd6de4169f6d20e89f9a,_shot_S38.dc.html,d0e6b18adbced6a96c32ff8d5ead559b0fe33e0ff30196c4c2198c969ece0fa5,HeadlessChrome/153.0.8010.12,1,2026-09-30T09:40:43Z,frame+ready+fonts,—,—,—,"Simulated frozen-design render (FmComposer4 prototype, headless Chromium); not Discourse, device or AT proof"
S39,C11,C11,desktop,1280x800,light,,Edit first post (C11),,S39__C11__1280x800__light.png,ff5bdded3b0065ec397781567a69fd81029002dd6a647e9a03160a0f65c2222a,76204,PNG,1280x800,1155798935fd3fc5826aed5fb96ad7736e5b4bfeb4afbd6de4169f6d20e89f9a,_shot_S39.dc.html,46312bd15f6159de4baea7db9459fc1bbdcbc8b174dd458131edc329d7aea01a,HeadlessChrome/153.0.8010.12,1,2026-09-30T09:40:44Z,frame+ready+fonts,—,—,—,"Simulated frozen-design render (FmComposer4 prototype, headless Chromium); not Discourse, device or AT proof"
S40,A-1,C04,phone,390x844,light,zoom 1.5,"Large text, saved status compact",LT,S40__A-1__390x844__light__zoom1.5.png,127832464d016b5400fa65117b040cc8a34acedf8daea9e8fa3bb981c1c870db,59221,PNG,390x844,1155798935fd3fc5826aed5fb96ad7736e5b4bfeb4afbd6de4169f6d20e89f9a,_shot_S40.dc.html,efd95a17316a529a18f1de1144e50226ed4b58afd0e3ec9d82a7327ada538570,HeadlessChrome/153.0.8010.12,1,2026-09-30T09:40:46Z,frame+ready+fonts,—,—,"Frame 844.5 CSS px at 1.5×, clipped to 844. Saved status icon-only (LT pending).","Simulated frozen-design render (FmComposer4 prototype, headless Chromium); not Discourse, device or AT proof"
S41,"C12-4 (prototype render, not a named frame)",C12-4,phone,390x844,light,zoom 1.5,Unsaved status at <330 CSS px — the LT concern,LT,S41__C12-4__390x844__light__zoom1.5.png,8a901cb75c005f1307077352354cec6905556844e9e15942e453dc9feb8fe4fc,53023,PNG,390x844,1155798935fd3fc5826aed5fb96ad7736e5b4bfeb4afbd6de4169f6d20e89f9a,_shot_S41.dc.html,5a29fc79b24b734aa26e5cec7d8db845593d4c1b17607760272f2aa0e2a6b581,HeadlessChrome/153.0.8010.12,1,2026-09-30T09:40:47Z,frame+ready+fonts,—,—,"Prototype render, not a named frame. Unsaved status icon-only at 260 CSS px (LT pending); banner still states it.","Simulated frozen-design render (FmComposer4 prototype, headless Chromium); not Discourse, device or AT proof"
S42,A-4-D,R1,narrow,360x740,dark,rtl,RTL AMOLED narrow,,S42__A-4-D__360x740__dark__rtl.png,831a6ed1084ee23b7f2176087baf3e542c49e817249d2138ef5304ae15883693,49401,PNG,360x740,1155798935fd3fc5826aed5fb96ad7736e5b4bfeb4afbd6de4169f6d20e89f9a,_shot_S42.dc.html,f06afb26e218fae4deef4e71a807ea41f6bf27e0769e6247b1cafb5733e5ea70,HeadlessChrome/153.0.8010.12,1,2026-09-30T09:40:48Z,frame+ready+fonts,—,—,—,"Simulated frozen-design render (FmComposer4 prototype, headless Chromium); not Discourse, device or AT proof"
S43,A-5,L1,narrow,360x740,light,,Long title and long category,,S43__A-5__360x740__light.png,c0549e85a954bcf6a77cd8ecd5a7a9c9ed0ef8ab7011e5f4ddae94ede1cf842e,67256,PNG,360x740,1155798935fd3fc5826aed5fb96ad7736e5b4bfeb4afbd6de4169f6d20e89f9a,_shot_S43.dc.html,fc665d0d3dce1ae18ad8881c7485ffe790e54fdd572a8fb6b0fbfba7cf34043f,HeadlessChrome/153.0.8010.12,1,2026-09-30T09:40:50Z,frame+ready+fonts,—,—,—,"Simulated frozen-design render (FmComposer4 prototype, headless Chromium); not Discourse, device or AT proof"
S44,M5,M5,phone,390x844,light,,Minimized above bar (C12),,S44__M5__390x844__light.png,c275cbd959f25cf139eef74cc851be45487542a8b206dd236e06e017e1c38a6f,46841,PNG,390x844,1155798935fd3fc5826aed5fb96ad7736e5b4bfeb4afbd6de4169f6d20e89f9a,_shot_S44.dc.html,6d998b1ed64f455d963294eb53c1ddfc4a43b8a83765c27c7571d1da29b011af,HeadlessChrome/153.0.8010.12,1,2026-09-30T09:40:51Z,frame+ready+fonts,—,—,—,"Simulated frozen-design render (FmComposer4 prototype, headless Chromium); not Discourse, device or AT proof"
S45,C13-6,C13-6,phone,390x844,light,,Reply permission revoked (framed in r1),I-9 fixed,S45__C13-6__390x844__light.png,6c77160b35d8e856e0ae2de250af80af47b3709061d1cd7c8aff30494325e9c1,39383,PNG,390x844,1155798935fd3fc5826aed5fb96ad7736e5b4bfeb4afbd6de4169f6d20e89f9a,_shot_S45.dc.html,151d420859a13a84543ad34b04284269a6c32be33d450f7d7a6b949bbcc0e559,HeadlessChrome/153.0.8010.12,1,2026-09-30T09:40:52Z,frame+ready+fonts,—,—,—,"Simulated frozen-design render (FmComposer4 prototype, headless Chromium); not Discourse, device or AT proof"
S46,C12-9,C12-9,phone,390x844,light,,Discard confirm: role and native wording,"A8, P-1",S46__C12-9__390x844__light.png,99532a0c6553870798a741488984452a98b21834b97a42da90b68a0f9b9b3171,43743,PNG,390x844,1155798935fd3fc5826aed5fb96ad7736e5b4bfeb4afbd6de4169f6d20e89f9a,_shot_S46.dc.html,984f6e511258f7f444a9a5ea1eaf3ed282a92e976af97994714b7f7680839e7b,HeadlessChrome/153.0.8010.12,1,2026-09-30T09:40:54Z,frame+ready+fonts,alertdialog,—,Discard dialog keeps v4's three proposed actions (pending P-1).,"Simulated frozen-design render (FmComposer4 prototype, headless Chromium); not Discourse, device or AT proof"
S47,C18-2,C18-2,phone,390x844,light,,Form required errors (native wording),"A1, D8",S47__C18-2__390x844__light.png,92329a9e55a08cc49e8d7bc281829ed3a6ad68489232454854a827a08252f95c,45750,PNG,390x844,1155798935fd3fc5826aed5fb96ad7736e5b4bfeb4afbd6de4169f6d20e89f9a,_shot_S47.dc.html,3e7a00a3756563f5351e07f5ee1093c74eb07a4e418d60f8db9538b91552697f,HeadlessChrome/153.0.8010.12,1,2026-09-30T09:40:55Z,frame+ready+fonts,—,—,—,"Simulated frozen-design render (FmComposer4 prototype, headless Chromium); not Discourse, device or AT proof"
S48,C08-5,C08-5,phone,390x844,dark,,Insert date / time sheet (native title),"A1, D6",S48__C08-5__390x844__dark.png,2bacffacbe25657b8e99fd5377b6d0d57ad23af3e3943943f0c72cf53337da0e,59511,PNG,390x844,1155798935fd3fc5826aed5fb96ad7736e5b4bfeb4afbd6de4169f6d20e89f9a,_shot_S48.dc.html,dcd8fc95463f38e82c52f35d54787be30e88e0c1584460291a16aa55f32cba4c,HeadlessChrome/153.0.8010.12,1,2026-09-30T09:40:57Z,frame+ready+fonts,dialog,—,—,"Simulated frozen-design render (FmComposer4 prototype, headless Chromium); not Discourse, device or AT proof"
