record,frame_id,frame_title,decision_ids,r1_reference_screenshot,current_disposition,approved_direction,verification_needed,frame_caveat,direction_approved_on,build_reference_status
AR-007,M6b,Offline at submit,D4,r1:S22 (representative for C14); exact state via prototype_link,Native Discourse target,Use native offline draft/close behavior; do not build r1 blocked-close flow.,"Trace native save, close and recovery outcomes at target version.",D4 does not establish the native offline-submit or status wording.,2026-09-30,Pending separate approval
AR-010,C05b,More: editor preference,D2; D9,r1:S04 (representative for C05); exact state via prototype_link,Later settings review; Deferred toolbar choice,Keep native wording and existing site-text overrides; defer More/Options relabel.; Retain existing native emoji behavior; do not hide based on r1 omission.,Available setting or scoped label not verified.; Future toolbar choice not made.,,2026-09-30,Pending separate approval
AR-011,TAB-1,"Portrait, keyboard open",D1,r1:S32 (exact; S32__TAB-1__834x1194__light.png),Later settings review,Keep native/configured tablet layout for current scope; r1 sizing remains future design evidence.,Setting availability and rotation continuity not verified.,,2026-09-30,Pending separate approval
AR-012,TAB-2,"Portrait, keyboard closed",D1,r1:S32 (representative for TAB); exact state via prototype_link,Later settings review,Keep native/configured tablet layout for current scope; r1 sizing remains future design evidence.,Setting availability and rotation continuity not verified.,,2026-09-30,Pending separate approval
AR-013,TAB-3,"Landscape, keyboard open",D1,r1:S33 (exact; S33__TAB-3__1194x834__light.png),Later settings review,Keep native/configured tablet layout for current scope; r1 sizing remains future design evidence.,Setting availability and rotation continuity not verified.,,2026-09-30,Pending separate approval
AR-014,TAB-4,"Landscape, hardware keyboard + trackpad",D1,r1:S34 (exact; S34__TAB-4__1194x834__light__hwkb.png),Later settings review,Keep native/configured tablet layout for current scope; r1 sizing remains future design evidence.,Setting availability and rotation continuity not verified.,,2026-09-30,Pending separate approval
AR-015,TAB-7,"Landscape, Markdown with preview",D1,r1:S32 (representative for TAB); exact state via prototype_link,Later settings review,Keep native/configured tablet layout for current scope; r1 sizing remains future design evidence.,Setting availability and rotation continuity not verified.,,2026-09-30,Pending separate approval
AR-016,TAB-5,Split view 600,D1,r1:S35 (exact; S35__TAB-5__600x834__light.png),Later settings review,Keep native/configured tablet layout for current scope; r1 sizing remains future design evidence.,Setting availability and rotation continuity not verified.,,2026-09-30,Pending separate approval
AR-017,TAB-6,Narrow split 375,D1,r1:S36 (exact; S36__TAB-6__375x834__light.png),Later settings review,Keep native/configured tablet layout for current scope; r1 sizing remains future design evidence.,Setting availability and rotation continuity not verified.,,2026-09-30,Pending separate approval
AR-018,TAB-8,"Portrait, More popover",D1; D2; D9,r1:S37 (exact; S37__TAB-8__834x1194__light.png),Later settings review; Deferred toolbar choice,Keep native/configured tablet layout for current scope; r1 sizing remains future design evidence.; Keep native wording and existing site-text overrides; defer More/Options relabel.; Retain existing native emoji behavior; do not hide based on r1 omission.,Setting availability and rotation continuity not verified.; Available setting or scoped label not verified.; Future toolbar choice not made.,,2026-09-30,Pending separate approval
AR-019,TAB-9,"Portrait, destination sheet",D1,r1:S06 (exact; S06__TAB-9__834x1194__dark.png),Later settings review,Keep native/configured tablet layout for current scope; r1 sizing remains future design evidence.,Setting availability and rotation continuity not verified.,,2026-09-30,Pending separate approval
AR-020,TAB-10,"Landscape RTL, hardware keyboard",D1,r1:S32 (representative for TAB); exact state via prototype_link,Later settings review,Keep native/configured tablet layout for current scope; r1 sizing remains future design evidence.,Setting availability and rotation continuity not verified.,,2026-09-30,Pending separate approval
AR-021,C07-1,"Pasted URL, loading",D7,r1:S09 (representative for C07); exact state via prototype_link,Native Discourse target,Use native link-preview handling; do not build r1 failure note/retry.,Trace native loading/failure and retained link at target version.,Loading can remain native; only the custom failure treatment is ruled out by D7.,2026-09-30,Pending separate approval
AR-024,C07-4,"Fetch failed, link kept",D7,r1:S08 (exact; S08__C07-4__390x844__light.png),Native Discourse target,Use native link-preview handling; do not build r1 failure note/retry.,Trace native loading/failure and retained link at target version.,,2026-09-30,Pending separate approval
AR-034,C10-5-T,"Second quote, tablet docked",D1,r1:S11 (representative for C10); exact state via prototype_link,Later settings review,Keep native/configured tablet layout for current scope; r1 sizing remains future design evidence.,Setting availability and rotation continuity not verified.,,2026-09-30,Pending separate approval
AR-039,C12-5,"Offline, close blocked",D4,r1:S22 (exact; S22__C12-5__390x844__dark.png),Native Discourse target,Use native offline draft/close behavior; do not build r1 blocked-close flow.,"Trace native save, close and recovery outcomes at target version.",,2026-09-30,Pending separate approval
AR-042,C15-1,Draft changed elsewhere,D3,r1:S23 (exact; S23__C15-1__390x844__light.png),Native Discourse target,Use native draft-conflict behavior; do not build r1 three-action/replace flow.,Trace native conflict and preservation at target version.,,2026-09-30,Pending separate approval
AR-043,C15-2,Replace confirm,D3,r1:S23 (representative for C15); exact state via prototype_link,Native Discourse target,Use native draft-conflict behavior; do not build r1 three-action/replace flow.,Trace native conflict and preservation at target version.,,2026-09-30,Pending separate approval
AR-048,C19-4,Session expired at submit,D10,r1:S27 (exact; S27__C19-4__390x844__light.png),Deferred recovery design,Retain native session-expiry behavior; do not build r1 resubmit flow.,Native outcome not verified; future design decision deferred.,,2026-09-30,Pending separate approval
AR-049,C19-5,Log in again,D10,r1:S26 (representative for C19); exact state via prototype_link,Deferred recovery design,Retain native session-expiry behavior; do not build r1 resubmit flow.,Native outcome not verified; future design decision deferred.,,2026-09-30,Pending separate approval
AR-054,C08-1,"More, all tools",D2; D9,r1:S16 (exact; S16__C08-1__390x844__light.png),Later settings review; Deferred toolbar choice,Keep native wording and existing site-text overrides; defer More/Options relabel.; Retain existing native emoji behavior; do not hide based on r1 omission.,Available setting or scoped label not verified.; Future toolbar choice not made.,,2026-09-30,Pending separate approval
AR-055,C08-2,"More, poll and dates disabled",D2; D9,r1:S16 (representative for C08); exact state via prototype_link,Later settings review; Deferred toolbar choice,Keep native wording and existing site-text overrides; defer More/Options relabel.; Retain existing native emoji behavior; do not hide based on r1 omission.,Available setting or scoped label not verified.; Future toolbar choice not made.,,2026-09-30,Pending separate approval
AR-057,C08-4,Hide details,D6,r1:S17 (exact; S17__C08-4__390x844__light.png),Native Discourse target,Use native details/spoiler/code insertion; do not build r1 sheets.,Trace native insertion and reopening at target version.,,2026-09-30,Pending separate approval
AR-059,C08-6,Blur spoiler,D6,r1:S16 (representative for C08); exact state via prototype_link,Native Discourse target,Use native details/spoiler/code insertion; do not build r1 sheets.,Trace native insertion and reopening at target version.,,2026-09-30,Pending separate approval
AR-060,C08-7,Preformatted text,D6,r1:S16 (representative for C08); exact state via prototype_link,Native Discourse target,Use native details/spoiler/code insertion; do not build r1 sheets.,Trace native insertion and reopening at target version.,,2026-09-30,Pending separate approval
AR-062,C08-9,"Block selected: Edit, Remove",D6,r1:S16 (representative for C08); exact state via prototype_link,Native Discourse target,Use native details/spoiler/code insertion; do not build r1 sheets.,Trace native insertion and reopening at target version.,Only details/spoiler/code block behavior follows D6; table/date are separate.,2026-09-30,Pending separate approval
AR-074,C18-1,"Form, template choice",D8,r1:S31 (representative for C18); exact state via prototype_link,Deferred conditional design,Do not activate a new guided form in current scope.,Future category/template and native form behavior not verified.,,2026-09-30,Pending separate approval
AR-075,C18-2,Required fields,D8,r1:S47 (exact; S47__C18-2__390x844__light.png),Deferred conditional design,Do not activate a new guided form in current scope.,Future category/template and native form behavior not verified.,,2026-09-30,Pending separate approval
AR-076,C18-3,Preview,D8,r1:S31 (representative for C18); exact state via prototype_link,Deferred conditional design,Do not activate a new guided form in current scope.,Future category/template and native form behavior not verified.,,2026-09-30,Pending separate approval
AR-077,C18-4,Switching category,D5; D8,r1:S31 (exact; S31__C18-4__390x844__light.png),Native behavior if form is enabled later; Deferred conditional design,Do not build custom answer conversion or switch dialog.; Do not activate a new guided form in current scope.,Form activation deferred by D8; later verify native switch.; Future category/template and native form behavior not verified.,D8 defers activation; D5 governs switching if forms are enabled later.,2026-09-30,Pending separate approval
AR-078,C18-5,Published,D8,r1:S31 (representative for C18); exact state via prototype_link,Deferred conditional design,Do not activate a new guided form in current scope.,Future category/template and native form behavior not verified.,,2026-09-30,Pending separate approval
AR-098,D-3,Guided form errors,D8,r1:S38 (representative for DESKTOP); exact state via prototype_link,Deferred conditional design,Do not activate a new guided form in current scope.,Future category/template and native form behavior not verified.,,2026-09-30,Pending separate approval
AR-107,C14-2,Offline while writing,D4,r1:S22 (representative for C14); exact state via prototype_link,Native Discourse target,Use native offline draft/close behavior; do not build r1 blocked-close flow.,"Trace native save, close and recovery outcomes at target version.",D4 does not establish the native offline-submit or status wording.,2026-09-30,Pending separate approval
AR-109,C14-1,Alias of M6b (fmc4-lib preset only),D4,r1:S22 (representative for C14); exact state via prototype_link,Native Discourse target,Use native offline draft/close behavior; do not build r1 blocked-close flow.,"Trace native save, close and recovery outcomes at target version.",D4 does not establish the native offline-submit or status wording.,2026-09-30,Pending separate approval
AR-111,TAB-11,"Portrait, uploads during rotation",D1,r1:S07 (exact; S07__TAB-11__834x1194__light.png),Later settings review,Keep native/configured tablet layout for current scope; r1 sizing remains future design evidence.,Setting availability and rotation continuity not verified.,,2026-09-30,Pending separate approval
