r1_mapping_index,design_string,used_in,r1_status,policy_area,approved_default_treatment,verification_or_exception,direction_approved_on,exact_build_copy_status
1,Photo,"strip, all frames","Pending (intentional choice, Sections C/D)",Intentional copy/default,Native wording by default,Use current native wording unless a verified distinct action/state needs scoped Fomio copy.,2026-09-30,Pending native/current-version check
2,Format,"strip, all frames","Pending (intentional choice, Sections C/D)",Intentional copy,Conditional scoped key,Keep only if the new control remains in the approved shell; exact string pending.,2026-09-30,Pending native/current-version check
3,More,"strip; C05b, C08-1/2, TAB-8","Pending (intentional choice, Sections C/D)",D2,Defer relabel,Keep native Options/site-text wording; later settings review.,2026-09-30,Pending native/current-version check
4,Bold (visible label),Format tray,"Pending (intentional choice, Sections C/D)",Intentional copy/default,Native wording by default,Use current native wording unless a verified distinct action/state needs scoped Fomio copy.,2026-09-30,Pending native/current-version check
5,Italic (visible label),Format tray,"Pending (intentional choice, Sections C/D)",Intentional copy/default,Native wording by default,Use current native wording unless a verified distinct action/state needs scoped Fomio copy.,2026-09-30,Pending native/current-version check
12,[Groups] only,"L1, L2, destination line","Pending (intentional choice, Sections C/D)",Intentional copy/default,Native wording by default,Use current native wording unless a verified distinct action/state needs scoped Fomio copy.,2026-09-30,Pending native/current-version check
13,Add edit reason,"C11, C11b","Pending (intentional choice, Sections C/D)",Intentional copy/default,Native wording by default,Use current native wording unless a verified distinct action/state needs scoped Fomio copy.,2026-09-30,Pending native/current-version check
14,Hide keyboard,strip (aria),"Pending (intentional choice, Sections C/D)",Intentional copy,Conditional scoped key,Keep only if the new control remains in the approved shell; exact string pending.,2026-09-30,Pending native/current-version check
22,Writing in rich text / Writing in Markdown source,C05b,"Pending (intentional choice, Sections C/D)",Intentional copy/default,Native wording by default,Use current native wording unless a verified distinct action/state needs scoped Fomio copy.,2026-09-30,Pending native/current-version check
23,Finish or remove uploads first,"C05b, C06-9","Pending (intentional choice, Sections C/D)",Intentional copy/default,Native wording by default,Use current native wording unless a verified distinct action/state needs scoped Fomio copy.,2026-09-30,Pending native/current-version check
24,Upload failed / … was not added.,"M4b, C06-4","Pending (intentional choice, Sections C/D)",Intentional copy/default,Native wording by default,Use current native wording unless a verified distinct action/state needs scoped Fomio copy.,2026-09-30,Pending native/current-version check
25,Drop images to upload,C06-7,"Pending (intentional choice, Sections C/D)",Intentional copy/default,Native wording by default,Use current native wording unless a verified distinct action/state needs scoped Fomio copy.,2026-09-30,Pending native/current-version check
26,Preview unavailable. The link will be posted as written.,C07-4,"Pending (intentional choice, Sections C/D)",D7,Native link behavior,R1 failure note/retry is not a current build target; verify native link result.,2026-09-30,Pending native/current-version check
27,Try again (preview),C07-4,"Pending (intentional choice, Sections C/D)",D7,Native link behavior,R1 failure note/retry is not a current build target; verify native link result.,2026-09-30,Pending native/current-version check
28,Wait for the photos to finish uploading.,C06-9,"Pending (intentional choice, Sections C/D)",Intentional copy/default,Native wording by default,Use current native wording unless a verified distinct action/state needs scoped Fomio copy.,2026-09-30,Pending native/current-version check
29,Offline. Draft not saved,"M6b, C14-2 (status)",Pending P-3 / LT / D4,P-3/LT/D4,Native status with visible error text,Use native draft/status behavior; ensure unsaved/error status is visible at large text/zoom.,2026-09-30,Pending native/current-version check
30,Draft not saved,"C12-4, C15-1 (status)",Pending P-3 / LT,P-3/LT/D4,Native status with visible error text,Use native draft/status behavior; ensure unsaved/error status is visible at large text/zoom.,2026-09-30,Pending native/current-version check
31,You’re offline. Draft not saved. + body,C12-5 banner,"Pending (intentional choice, Sections C/D)",P-3/LT/D4,Native status with visible error text,Use native draft/status behavior; ensure unsaved/error status is visible at large text/zoom.,2026-09-30,Pending native/current-version check
32,Draft not saved. + bodies (saveFailed/closeFailed),C12-4 banner,"Pending (intentional choice, Sections C/D)",P-3/LT/D4,Native status with visible error text,Use native draft/status behavior; ensure unsaved/error status is visible at large text/zoom.,2026-09-30,Pending native/current-version check
33,Retry save,C12-4,"Pending (intentional choice, Sections C/D)",P-3/LT/D4,Native status with visible error text,Use native draft/status behavior; ensure unsaved/error status is visible at large text/zoom.,2026-09-30,Pending native/current-version check
34,Copy text / Copy my text,"M6b, C12-*, C13-4, C15-1, C19-*, C13-6",Pending (Section C; D3/D4),D3/D4 plus C13/C19,Shared-use review,Retire custom Copy in native D3/D4 flows; assess other recovery states separately.,2026-09-30,Pending native/current-version check
35,Text copied,after Copy,"Pending (intentional choice, Sections C/D)",D3/D4 plus C13/C19,Shared-use review,Retire custom Copy in native D3/D4 flows; assess other recovery states separately.,2026-09-30,Pending native/current-version check
36,This draft changed somewhere else. + body,C15-1,"Pending (intentional choice, Sections C/D)",D3,Native conflict flow,R1 conflict copy is not a current build target; verify native wording and recovery.,2026-09-30,Pending native/current-version check
37,Save mine over it,C15-1,"Pending (intentional choice, Sections C/D)",D3,Native conflict flow,R1 conflict copy is not a current build target; verify native wording and recovery.,2026-09-30,Pending native/current-version check
38,Use the other version,C15-1,"Pending (intentional choice, Sections C/D)",D3,Native conflict flow,R1 conflict copy is not a current build target; verify native wording and recovery.,2026-09-30,Pending native/current-version check
39,Replace your text with the other version? + body / Replace,C15-2,"Pending (intentional choice, Sections C/D)",D3,Native conflict flow,R1 conflict copy is not a current build target; verify native wording and recovery.,2026-09-30,Pending native/current-version check
40,You can no longer post in [category]. + body,C13-4,"Pending (intentional choice, Sections C/D)",Intentional copy/default,Native wording by default,Use current native wording unless a verified distinct action/state needs scoped Fomio copy.,2026-09-30,Pending native/current-version check
41,Choose another category,C13-4/5,"Pending (intentional choice, Sections C/D)",Intentional copy/default,Native wording by default,Use current native wording unless a verified distinct action/state needs scoped Fomio copy.,2026-09-30,Pending native/current-version check
43,This topic was closed while you were writing. + body,C19-3,"Pending (intentional choice, Sections C/D)",Intentional copy/default,Native wording by default,Use current native wording unless a verified distinct action/state needs scoped Fomio copy.,2026-09-30,Pending native/current-version check
44,You were logged out. + body,C19-4,"Pending (intentional choice, Sections C/D)",D10,Deferred,Keep as future design evidence; native session outcome must be verified later.,2026-09-30,Pending native/current-version check
45,Not posted. / Not posted yet.,"C13-2/3, C16-5, M6b","Pending (intentional choice, Sections C/D)",Intentional copy/default,Native wording by default,Use current native wording unless a verified distinct action/state needs scoped Fomio copy.,2026-09-30,Pending native/current-version check
46,Switch to [category]? + bodies / Switch and keep answers/text,C18-4,"Pending (intentional choice, Sections C/D)",D5/D8,Deferred conditional,No form activation now; use native switching if enabled later.,2026-09-30,Pending native/current-version check
47,Add (n),C06-2,"Pending (intentional choice, Sections C/D)",Intentional copy/default,Native wording by default,Use current native wording unless a verified distinct action/state needs scoped Fomio copy.,2026-09-30,Pending native/current-version check
48,Summary (details),C08-4,"Pending (intentional choice, Sections C/D)",D6,Native insertion,R1 details/spoiler/code sheet copy is not a current build target.,2026-09-30,Pending native/current-version check
49,Hidden text,C08-4,"Pending (intentional choice, Sections C/D)",D6,Native insertion,R1 details/spoiler/code sheet copy is not a current build target.,2026-09-30,Pending native/current-version check
50,Text to blur,C08-6,"Pending (intentional choice, Sections C/D)",D6,Native insertion,R1 details/spoiler/code sheet copy is not a current build target.,2026-09-30,Pending native/current-version check
51,Code / Language,C08-7,"Pending (intentional choice, Sections C/D)",D6,Native insertion,R1 details/spoiler/code sheet copy is not a current build target.,2026-09-30,Pending native/current-version check
56,Add row / Add column,C08-3,"Pending (intentional choice, Sections C/D)",Intentional copy/default,Native wording by default,Use current native wording unless a verified distinct action/state needs scoped Fomio copy.,2026-09-30,Pending native/current-version check
57,Add at least one column heading.,C08-3,"Pending (intentional choice, Sections C/D)",Intentional copy/default,Native wording by default,Use current native wording unless a verified distinct action/state needs scoped Fomio copy.,2026-09-30,Pending native/current-version check
58,Add a summary. / Choose a date. / Add the text to blur. / Add the code or text to preformat.,C08-4..7,"Pending (intentional choice, Sections C/D)",D6 plus date,Split by feature,Details/spoiler/code validation follows native D6; date copy remains separate.,2026-09-30,Pending native/current-version check
59,Suggestions,mentions list label,"Pending (intentional choice, Sections C/D)",Intentional copy/default,Native wording by default,Use current native wording unless a verified distinct action/state needs scoped Fomio copy.,2026-09-30,Pending native/current-version check
60,Edit saved,C16-4 announcement,"Pending (intentional choice, Sections C/D)",Intentional copy/default,Native wording by default,Use current native wording unless a verified distinct action/state needs scoped Fomio copy.,2026-09-30,Pending native/current-version check
63,Draft saved,C12-2,Unchanged in r1,P-3/LT/D4,Native status with visible error text,Use native draft/status behavior; ensure unsaved/error status is visible at large text/zoom.,2026-09-30,Pending native/current-version check
66,Keep editing,"C12-*, C15-*, C13-3",Reclassified proposed (A3); pending P-1 / Section D,P-1/D4,Native flow,Use native discard actions; r1 custom action labels are not current targets.,2026-09-30,Pending native/current-version check
67,Save draft for later,discard flow,Reclassified proposed (A3); pending P-1,P-1/D4,Native flow,Use native discard actions; r1 custom action labels are not current targets.,2026-09-30,Pending native/current-version check
68,Unable to connect.,M6b,Reclassified proposed; pending P-2,P-2,Native/core wording,Use current native network wording; exact string to verify at target version.,2026-09-30,Pending native/current-version check
76,Search categories,C03,Placeholder fixed in r1; accessible name pending P-4,P-4,Approved accessible name,Use accessible name Search categories; visible placeholder may remain native Search….,2026-09-30,Pending native/current-version check
77,Searching…,C08-11,Reclassified proposed; pending (Section D),Intentional copy/default,Native wording by default,Use current native wording unless a verified distinct action/state needs scoped Fomio copy.,2026-09-30,Pending native/current-version check
103,Your permission to reply in this topic changed. Your reply is still here. (C13-6 body),C13-6,"Pending (Section D, submission outcomes)",Permission feedback,Conditional scoped key,Keep only if verified native feedback leaves a meaningful gap.,2026-09-30,Pending native/current-version check
