shot_id,frame_or_route,viewport,size,scheme,modifiers,filename,covers,decision_or_issue,source_snapshot,sha256,capture_status,true_format,pixels,evidence_class
S01,M1,phone,390x844,light,,S01__M1__390x844__light.png,"New topic open, title focus (C01, stage 2)",,bcea0ad52242 + addendum render-deps,f9d5f370ea8f7f63e5843362a06b9c5d6aa37831098480cbf65ea9e52121cc50,Captured 2026-09-30,PNG,390x844,"Simulated frozen-design render (FmComposer4 prototype, headless Chromium); not Discourse, device or AT proof"
S02,M2,phone,390x844,light,,S02__M2__390x844__light.png,"Writing with keyboard; strip; caret rule (C04, stage 3)",,bcea0ad52242 + addendum render-deps,ca3354d0df61b0cabcc544ffcafeeeab1a8e6719e1a9863ccf9b70ed5a9778ed,Captured 2026-09-30,PNG,390x844,"Simulated frozen-design render (FmComposer4 prototype, headless Chromium); not Discourse, device or AT proof"
S03,M3,phone,390x844,light,,S03__M3__390x844__light.png,"Format tray over keyboard, selection kept (stage 3 gate)",,bcea0ad52242 + addendum render-deps,925c43753eb02059005218b21fee298a2259f377e26d9a6c31b15535ed0e925d,Captured 2026-09-30,PNG,390x844,"Simulated frozen-design render (FmComposer4 prototype, headless Chromium); not Discourse, device or AT proof"
S04,C05,phone,390x844,light,,S04__C05__390x844__light.png,Markdown source (C05),,bcea0ad52242 + addendum render-deps,96a89e5224c9ba5cb57da51ec0cdc12505df6d01eb84348902b5dcc69b00a6e7,Captured 2026-09-30,PNG,390x844,"Simulated frozen-design render (FmComposer4 prototype, headless Chromium); not Discourse, device or AT proof"
S05,C09,phone,390x844,light,,S05__C09__390x844__light.png,Similar topics expanded (C09),,bcea0ad52242 + addendum render-deps,8174e324fd1a3385212fa3d05650ef05a4c01a3d8ec95157cc008f5e96cb654d,Captured 2026-09-30,PNG,390x844,"Simulated frozen-design render (FmComposer4 prototype, headless Chromium); not Discourse, device or AT proof"
S06,TAB-9 (review) = C03,tabletP,834x1194,dark,,S06__TAB-9__834x1194__dark.png,Destination form sheet on tablet (C03),I-1,bcea0ad52242 + addendum render-deps,1bc11160079b9d216e0f7ea759db058d9da0839dca0252dd0daa7d059fcab841,Captured 2026-09-30,PNG,834x1194,"Simulated frozen-design render (FmComposer4 prototype, headless Chromium); not Discourse, device or AT proof"
S07,TAB-9 (prototype) = C06-3,tabletP,834x1194,light,,S07__TAB-9__834x1194__light.png,Uploads during rotation state,I-1,bcea0ad52242 + addendum render-deps,2028eefd3fefacfc24a9588973c67e91440757413091f7e95fda92f77cfa80d8,Captured 2026-09-30,PNG,834x1194,"Simulated frozen-design render (FmComposer4 prototype, headless Chromium); not Discourse, device or AT proof"
S08,C07-4,phone,390x844,light,,S08__C07-4__390x844__light.png,"Preview failed, link kept",D7,bcea0ad52242 + addendum render-deps,302959a4a8855a89434b978e801873257ba00a8a4b877f2c3128dba7d4cc4264,Captured 2026-09-30,PNG,390x844,"Simulated frozen-design render (FmComposer4 prototype, headless Chromium); not Discourse, device or AT proof"
S09,C07-6,phone,390x844,light,,S09__C07-6__390x844__light.png,Insert link on selection (C07·a),,bcea0ad52242 + addendum render-deps,8ecdd8747da106bf6ee0f60e8bc88b837807907c303c3e51329ef3513a1ead17,Captured 2026-09-30,PNG,390x844,"Simulated frozen-design render (FmComposer4 prototype, headless Chromium); not Discourse, device or AT proof"
S10,C10-2,phone,390x844,dark,,S10__C10-2__390x844__dark.png,Reply to a person (C10),,bcea0ad52242 + addendum render-deps,55c5edb686d4ef66b7c8c3eb49153ba9e8b3e3f17709b56f8926e6ef97e8116d,Captured 2026-09-30,PNG,390x844,"Simulated frozen-design render (FmComposer4 prototype, headless Chromium); not Discourse, device or AT proof"
S11,C10-4,phone,390x844,light,,S11__C10-4__390x844__light.png,Quoted reply with attribution (C10),,bcea0ad52242 + addendum render-deps,300ca42d880d9e1a17b99ffb56d13dd16a3dae122128930d33e1d33ad741780b,Captured 2026-09-30,PNG,390x844,"Simulated frozen-design render (FmComposer4 prototype, headless Chromium); not Discourse, device or AT proof"
S12,C06-3,phone,390x844,light,,S12__C06-3__390x844__light.png,"Three uploads in place (C06, stage 4)",,bcea0ad52242 + addendum render-deps,1bdcaed6ea39e62c487adbdf468de35af092503ddd2f96fb94907ceada435c32,Captured 2026-09-30,PNG,390x844,"Simulated frozen-design render (FmComposer4 prototype, headless Chromium); not Discourse, device or AT proof"
S13,C06-4,phone,390x844,light,,S13__C06-4__390x844__light.png,Partial upload failure,,bcea0ad52242 + addendum render-deps,ea5e92b9b21240f678dcf22175a02df19abd7d1a70de5d1274bd30cbe1502a86,Captured 2026-09-30,PNG,390x844,"Simulated frozen-design render (FmComposer4 prototype, headless Chromium); not Discourse, device or AT proof"
S14,C06-6,phone,390x844,light,,S14__C06-6__390x844__light.png,Alt text tray (Partial in COV),,bcea0ad52242 + addendum render-deps,f71023f57380c1b3a9392042496a83b1fa14dd4c288b0fc97f8134cef7655819,Captured 2026-09-30,PNG,390x844,"Simulated frozen-design render (FmComposer4 prototype, headless Chromium); not Discourse, device or AT proof"
S15,C06-7,desktop,1280x800,light,,S15__C06-7__1280x800__light.png,Drop on desktop,,bcea0ad52242 + addendum render-deps,12c5a76b6877dcf15522043d15349de2b344edda4611490e9ad65cb1039dd3c7,Captured 2026-09-30,PNG,1280x800,"Simulated frozen-design render (FmComposer4 prototype, headless Chromium); not Discourse, device or AT proof"
S16,C08-1,phone,390x844,light,,S16__C08-1__390x844__light.png,More with all tools,"D2, D9",bcea0ad52242 + addendum render-deps,ce4b6401be73376a4f734f741265d3e6964245728d035fae5fa3227623128470,Captured 2026-09-30,PNG,390x844,"Simulated frozen-design render (FmComposer4 prototype, headless Chromium); not Discourse, device or AT proof"
S17,C08-4,phone,390x844,light,,S17__C08-4__390x844__light.png,Details insert sheet,D6,bcea0ad52242 + addendum render-deps,191e6a85c447ea38c741bc2c6bc9b6a7f062718a0bf1a662be5590c9d152d0b5,Captured 2026-09-30,PNG,390x844,"Simulated frozen-design render (FmComposer4 prototype, headless Chromium); not Discourse, device or AT proof"
S18,C08-8,phone,390x844,light,,S18__C08-8__390x844__light.png,Poll validation (copy differs from core),,bcea0ad52242 + addendum render-deps,242114898461c649b614be080c2281bfbe8d1716dfb390b106bf071d44c133b9,Captured 2026-09-30,PNG,390x844,"Simulated frozen-design render (FmComposer4 prototype, headless Chromium); not Discourse, device or AT proof"
S19,C08-10,phone,390x844,light,,S19__C08-10__390x844__light.png,Mention results (C08·b),,bcea0ad52242 + addendum render-deps,0d5d2292d05e998942ac2a202e69c18a2d94da4e413b92c5afeac1c51836662c,Captured 2026-09-30,PNG,390x844,"Simulated frozen-design render (FmComposer4 prototype, headless Chromium); not Discourse, device or AT proof"
S20,C12-1,phone,390x844,light,,S20__C12-1__390x844__light.png,Saving draft status,LT,bcea0ad52242 + addendum render-deps,eb52dad762dd00c165ee0b1e63af136bde4fadb9c31561842f35bc595c6910f4,Captured 2026-09-30,PNG,390x844,"Simulated frozen-design render (FmComposer4 prototype, headless Chromium); not Discourse, device or AT proof"
S21,C12-4,phone,390x844,light,,S21__C12-4__390x844__light.png,Save failed banner,,bcea0ad52242 + addendum render-deps,02ab9406c49615f3a1dbf44b2f4a8820fb5f9ccb9c144cf55536aa152f35adae,Captured 2026-09-30,PNG,390x844,"Simulated frozen-design render (FmComposer4 prototype, headless Chromium); not Discourse, device or AT proof"
S22,C12-5,phone,390x844,dark,,S22__C12-5__390x844__dark.png,Offline close blocked,D4,bcea0ad52242 + addendum render-deps,378b009cf05cd1cfbc0985a62cfe766aa0dbb19a9e4744573380f1cadc1d1c4b,Captured 2026-09-30,PNG,390x844,"Simulated frozen-design render (FmComposer4 prototype, headless Chromium); not Discourse, device or AT proof"
S23,C15-1,phone,390x844,light,,S23__C15-1__390x844__light.png,Draft changed elsewhere,D3,bcea0ad52242 + addendum render-deps,06aafc98c5eba4f6a6c611eb91ad8176947e540d7a1c9f625cb903b318f91973,Captured 2026-09-30,PNG,390x844,"Simulated frozen-design render (FmComposer4 prototype, headless Chromium); not Discourse, device or AT proof"
S24,C15-3,phone,390x844,dark,,S24__C15-3__390x844__dark.png,Post edit conflict,,bcea0ad52242 + addendum render-deps,6a842a0888664e2b0ed57544a542bcba3bd96fbb60d16f146b58f9a21d344e64,Captured 2026-09-30,PNG,390x844,"Simulated frozen-design render (FmComposer4 prototype, headless Chromium); not Discourse, device or AT proof"
S25,C13-4,phone,390x844,light,,S25__C13-4__390x844__light.png,Category permission revoked (C13),,bcea0ad52242 + addendum render-deps,42440448efa808bf7a37618c47f4b3bbfe4548a70e81015f279017d5e0fcee35,Captured 2026-09-30,PNG,390x844,"Simulated frozen-design render (FmComposer4 prototype, headless Chromium); not Discourse, device or AT proof"
S26,C19-3,phone,390x844,light,,S26__C19-3__390x844__light.png,Topic closed while writing (C19),,bcea0ad52242 + addendum render-deps,e7abc72f61aea809dfe2f291ed0bd30bf22fa482daf3d52ec5a614ab361e02e4,Captured 2026-09-30,PNG,390x844,"Simulated frozen-design render (FmComposer4 prototype, headless Chromium); not Discourse, device or AT proof"
S27,C19-4,phone,390x844,light,,S27__C19-4__390x844__light.png,Session expired,D10,bcea0ad52242 + addendum render-deps,e00978e2aa242d1ca5a4fab5b2dc0ad1f662f4ba1053368d24e821eb5f9e7f6e,Captured 2026-09-30,PNG,390x844,"Simulated frozen-design render (FmComposer4 prototype, headless Chromium); not Discourse, device or AT proof"
S28,C16-1,phone,390x844,light,,S28__C16-1__390x844__light.png,"Submitting, busy (C16)",,bcea0ad52242 + addendum render-deps,f265d4d5fdef8e2b9d3fa89f9c90f09ba149a07be2151f322cdf44c9e00b953f,Captured 2026-09-30,PNG,390x844,"Simulated frozen-design render (FmComposer4 prototype, headless Chromium); not Discourse, device or AT proof"
S29,C16-4,phone,390x844,light,,S29__C16-4__390x844__light.png,Edit saved return (C16),,bcea0ad52242 + addendum render-deps,4e941c9983970fd7842a60c7dadcc573df72f82f1a91fcdd74dcb44a2c81e2f5,Captured 2026-09-30,PNG,390x844,"Simulated frozen-design render (FmComposer4 prototype, headless Chromium); not Discourse, device or AT proof"
S30,C17,phone,390x844,light,,S30__C17__390x844__light.png,Awaiting approval (C17),,bcea0ad52242 + addendum render-deps,ebb75a6392edde1c57933ffa3b464702c22aa9903c9e414fbe0208ef9f2a0cf9,Captured 2026-09-30,PNG,390x844,"Simulated frozen-design render (FmComposer4 prototype, headless Chromium); not Discourse, device or AT proof"
S31,C18-4,phone,390x844,light,,S31__C18-4__390x844__light.png,Form category switch,"D5, D8",bcea0ad52242 + addendum render-deps,cb3bb978a72c8f2dce0c42cccb6822f17f32d672e52aa3d82abbacf580f6c597,Captured 2026-09-30,PNG,390x844,"Simulated frozen-design render (FmComposer4 prototype, headless Chromium); not Discourse, device or AT proof"
S32,TAB-1,tabletP,834x1194,light,,S32__TAB-1__834x1194__light.png,"Docked portrait, keyboard",D1,bcea0ad52242 + addendum render-deps,2c277f688ed96b7157213d330eca1fd30d20d1d162d156a04c2c8642d02e5966,Captured 2026-09-30,PNG,834x1194,"Simulated frozen-design render (FmComposer4 prototype, headless Chromium); not Discourse, device or AT proof"
S33,TAB-3,tabletL,1194x834,light,,S33__TAB-3__1194x834__light.png,Landscape auto full height,D1,bcea0ad52242 + addendum render-deps,36c4b0327e71dedbdb68b21959bfa2af83aa16c513822c24331b1bade35d0313,Captured 2026-09-30,PNG,1194x834,"Simulated frozen-design render (FmComposer4 prototype, headless Chromium); not Discourse, device or AT proof"
S34,TAB-4,tabletL,1194x834,light,hwkb,S34__TAB-4__1194x834__light__hwkb.png,Hardware keyboard + trackpad,D1,bcea0ad52242 + addendum render-deps,a7656dfa1c66da341e32c32a6fcfffb14b0bc45200876c65827b9e605f3a9488,Captured 2026-09-30,PNG,1194x834,"Simulated frozen-design render (FmComposer4 prototype, headless Chromium); not Discourse, device or AT proof"
S35,TAB-5,split600,600x834,light,,S35__TAB-5__600x834__light.png,Split 600 full height,D1,bcea0ad52242 + addendum render-deps,9029157e6e13487c70662f4253f3bd0c6ddf4699dac7c2ef8392464b9a07ec8f,Captured 2026-09-30,PNG,600x834,"Simulated frozen-design render (FmComposer4 prototype, headless Chromium); not Discourse, device or AT proof"
S36,TAB-6,splitNarrow,375x834,light,,S36__TAB-6__375x834__light.png,Narrow split phone rules,D1,bcea0ad52242 + addendum render-deps,2433eb2aa6cf2f37b2c04269f514d39a633ee831c6d02b9ba8761301b54575dc,Captured 2026-09-30,PNG,375x834,"Simulated frozen-design render (FmComposer4 prototype, headless Chromium); not Discourse, device or AT proof"
S37,TAB-8,tabletP,834x1194,light,,S37__TAB-8__834x1194__light.png,More popover on tablet,"D1, D2, D9",bcea0ad52242 + addendum render-deps,37eddecaec845b075053f29837f0951e1f823f1e1864f73f75e42866e2c3a72c,Captured 2026-09-30,PNG,834x1194,"Simulated frozen-design render (FmComposer4 prototype, headless Chromium); not Discourse, device or AT proof"
S38,D-1,desktop,1280x800,light,,S38__D-1__1280x800__light.png,Desktop docked new topic,,bcea0ad52242 + addendum render-deps,be941244bb5e0be1bea6ac2feef57bf721b951ec13656001c2f1358f24ddf614,Captured 2026-09-30,PNG,1280x800,"Simulated frozen-design render (FmComposer4 prototype, headless Chromium); not Discourse, device or AT proof"
S39,C11,desktop,1280x800,light,,S39__C11__1280x800__light.png,Edit first post (C11),,bcea0ad52242 + addendum render-deps,ff5bdded3b0065ec397781567a69fd81029002dd6a647e9a03160a0f65c2222a,Captured 2026-09-30,PNG,1280x800,"Simulated frozen-design render (FmComposer4 prototype, headless Chromium); not Discourse, device or AT proof"
S40,A-1,phone,390x844,light,zoom 1.5,S40__A-1__390x844__light__zoom1.5.png,"Large text, saved status compact",LT,bcea0ad52242 + addendum render-deps,127832464d016b5400fa65117b040cc8a34acedf8daea9e8fa3bb981c1c870db,Captured 2026-09-30,PNG,390x844,"Simulated frozen-design render (FmComposer4 prototype, headless Chromium); not Discourse, device or AT proof"
S41,"C12-4 (prototype render, not a named frame)",phone,390x844,light,zoom 1.5,S41__C12-4__390x844__light__zoom1.5.png,Unsaved status at <330 CSS px — the LT concern,LT,bcea0ad52242 + addendum render-deps,8a901cb75c005f1307077352354cec6905556844e9e15942e453dc9feb8fe4fc,Captured 2026-09-30,PNG,390x844,"Simulated frozen-design render (FmComposer4 prototype, headless Chromium); not Discourse, device or AT proof"
S42,A-4-D,narrow,360x740,dark,rtl,S42__A-4-D__360x740__dark__rtl.png,RTL AMOLED narrow,,bcea0ad52242 + addendum render-deps,831a6ed1084ee23b7f2176087baf3e542c49e817249d2138ef5304ae15883693,Captured 2026-09-30,PNG,360x740,"Simulated frozen-design render (FmComposer4 prototype, headless Chromium); not Discourse, device or AT proof"
S43,A-5,narrow,360x740,light,,S43__A-5__360x740__light.png,Long title and long category,,bcea0ad52242 + addendum render-deps,c0549e85a954bcf6a77cd8ecd5a7a9c9ed0ef8ab7011e5f4ddae94ede1cf842e,Captured 2026-09-30,PNG,360x740,"Simulated frozen-design render (FmComposer4 prototype, headless Chromium); not Discourse, device or AT proof"
S44,M5,phone,390x844,light,,S44__M5__390x844__light.png,Minimized above bar (C12),,bcea0ad52242 + addendum render-deps,c275cbd959f25cf139eef74cc851be45487542a8b206dd236e06e017e1c38a6f,Captured 2026-09-30,PNG,390x844,"Simulated frozen-design render (FmComposer4 prototype, headless Chromium); not Discourse, device or AT proof"
