shot_id,filename,sha256,bytes,true_format,pixels,frame_or_route,props,viewport,scheme,modifiers,state_covered,decision_or_issue,render_source,harness,harness_sha256,readiness,benign_console,visual_review,limitation,evidence_class
S01,S01__M1__390x844__light.png,f9d5f370ea8f7f63e5843362a06b9c5d6aa37831098480cbf65ea9e52121cc50,41118,PNG image data,390x844,M1,"{""viewport"": ""phone"", ""scheme"": ""light"", ""preset"": ""M1"", ""rtl"": false, ""hwkb"": false, ""zoom"": ""1"", ""rm"": false}",phone,light,,"New topic open, title focus (C01, stage 2)",,"snapshot bcea0ad52242 + addendum render-deps (FmHeader, FmBottomNav)",_shot_S01.dc.html,2bbb5a61215853bd13ceeb599b6ae51a4ecca1bde791b22c8902ea6422c2f341,frame+ready+fonts(Source Sans 3/Roboto Slab/FA6),FMC4 GEO TypeError on first render before fmc4-lib.js load; recovered (ready=true),State verified by inspection,—,"Simulated frozen-design render (FmComposer4 prototype, headless Chromium); not Discourse, device or AT proof"
S02,S02__M2__390x844__light.png,ca3354d0df61b0cabcc544ffcafeeeab1a8e6719e1a9863ccf9b70ed5a9778ed,65081,PNG image data,390x844,M2,"{""viewport"": ""phone"", ""scheme"": ""light"", ""preset"": ""M2"", ""rtl"": false, ""hwkb"": false, ""zoom"": ""1"", ""rm"": false}",phone,light,,"Writing with keyboard; strip; caret rule (C04, stage 3)",,"snapshot bcea0ad52242 + addendum render-deps (FmHeader, FmBottomNav)",_shot_S02.dc.html,5b18ab2321e485208b9fc475e128409254ca4192aef2813827e62a7dd4ebdf43,frame+ready+fonts(Source Sans 3/Roboto Slab/FA6),FMC4 GEO TypeError on first render before fmc4-lib.js load; recovered (ready=true),State verified by inspection,—,"Simulated frozen-design render (FmComposer4 prototype, headless Chromium); not Discourse, device or AT proof"
S03,S03__M3__390x844__light.png,925c43753eb02059005218b21fee298a2259f377e26d9a6c31b15535ed0e925d,63940,PNG image data,390x844,M3,"{""viewport"": ""phone"", ""scheme"": ""light"", ""preset"": ""M3"", ""rtl"": false, ""hwkb"": false, ""zoom"": ""1"", ""rm"": false}",phone,light,,"Format tray over keyboard, selection kept (stage 3 gate)",,"snapshot bcea0ad52242 + addendum render-deps (FmHeader, FmBottomNav)",_shot_S03.dc.html,1d5d76329eaf41ea60153771a0f9da979724c99590ff2c939546706597e67da4,frame+ready+fonts(Source Sans 3/Roboto Slab/FA6),FMC4 GEO TypeError on first render before fmc4-lib.js load; recovered (ready=true),State verified by inspection,Selection is kept in state but hidden behind the Format tray at 390×844 (I-12).,"Simulated frozen-design render (FmComposer4 prototype, headless Chromium); not Discourse, device or AT proof"
S04,S04__C05__390x844__light.png,96a89e5224c9ba5cb57da51ec0cdc12505df6d01eb84348902b5dcc69b00a6e7,60382,PNG image data,390x844,C05,"{""viewport"": ""phone"", ""scheme"": ""light"", ""preset"": ""C05"", ""rtl"": false, ""hwkb"": false, ""zoom"": ""1"", ""rm"": false}",phone,light,,Markdown source (C05),,"snapshot bcea0ad52242 + addendum render-deps (FmHeader, FmBottomNav)",_shot_S04.dc.html,89523a40707abaa226c9920bfb16dc59e3c2956d143fa39a31f10abde704f511,frame+ready+fonts(Source Sans 3/Roboto Slab/FA6),FMC4 GEO TypeError on first render before fmc4-lib.js load; recovered (ready=true),State verified by inspection,—,"Simulated frozen-design render (FmComposer4 prototype, headless Chromium); not Discourse, device or AT proof"
S05,S05__C09__390x844__light.png,8174e324fd1a3385212fa3d05650ef05a4c01a3d8ec95157cc008f5e96cb654d,51012,PNG image data,390x844,C09,"{""viewport"": ""phone"", ""scheme"": ""light"", ""preset"": ""C09"", ""rtl"": false, ""hwkb"": false, ""zoom"": ""1"", ""rm"": false}",phone,light,,Similar topics expanded (C09),,"snapshot bcea0ad52242 + addendum render-deps (FmHeader, FmBottomNav)",_shot_S05.dc.html,a918e1db2861be469df5141cd5297cbae40c738070c6a3fb5784c3ffc1d860e3,frame+ready+fonts(Source Sans 3/Roboto Slab/FA6),FMC4 GEO TypeError on first render before fmc4-lib.js load; recovered (ready=true),State verified by inspection,—,"Simulated frozen-design render (FmComposer4 prototype, headless Chromium); not Discourse, device or AT proof"
S06,S06__TAB-9__834x1194__dark.png,1bc11160079b9d216e0f7ea759db058d9da0839dca0252dd0daa7d059fcab841,96901,PNG image data,834x1194,TAB-9 (review) = C03,"{""viewport"": ""tabletP"", ""scheme"": ""dark"", ""preset"": ""C03"", ""rtl"": false, ""hwkb"": false, ""zoom"": ""1"", ""rm"": false}",tabletP,dark,,Destination form sheet on tablet (C03),I-1,"snapshot bcea0ad52242 + addendum render-deps (FmHeader, FmBottomNav)",_shot_S06.dc.html,0b5b9a700625b6df0e6eddd6bb4ec431a9c6a7231a73fe8258cce87ccb33c477,frame+ready+fonts(Source Sans 3/Roboto Slab/FA6),FMC4 GEO TypeError on first render before fmc4-lib.js load; recovered (ready=true),State verified by inspection,—,"Simulated frozen-design render (FmComposer4 prototype, headless Chromium); not Discourse, device or AT proof"
S07,S07__TAB-9__834x1194__light.png,2028eefd3fefacfc24a9588973c67e91440757413091f7e95fda92f77cfa80d8,95988,PNG image data,834x1194,TAB-9 (prototype) = C06-3,"{""viewport"": ""tabletP"", ""scheme"": ""light"", ""preset"": ""C06-3"", ""rtl"": false, ""hwkb"": false, ""zoom"": ""1"", ""rm"": false}",tabletP,light,,Uploads during rotation state,I-1,"snapshot bcea0ad52242 + addendum render-deps (FmHeader, FmBottomNav)",_shot_S07.dc.html,b91abeae8bd95af03f0452edbe9a440b85148fbbb83ef5966207645cb211ef82,frame+ready+fonts(Source Sans 3/Roboto Slab/FA6),FMC4 GEO TypeError on first render before fmc4-lib.js load; recovered (ready=true),State verified by inspection,"Static state of prototype route TAB-9 (preset C06-3 on 834×1194); rotation itself is a transition, not capturable as a still.","Simulated frozen-design render (FmComposer4 prototype, headless Chromium); not Discourse, device or AT proof"
S08,S08__C07-4__390x844__light.png,302959a4a8855a89434b978e801873257ba00a8a4b877f2c3128dba7d4cc4264,50506,PNG image data,390x844,C07-4,"{""viewport"": ""phone"", ""scheme"": ""light"", ""preset"": ""C07-4"", ""rtl"": false, ""hwkb"": false, ""zoom"": ""1"", ""rm"": false}",phone,light,,"Preview failed, link kept",D7,"snapshot bcea0ad52242 + addendum render-deps (FmHeader, FmBottomNav)",_shot_S08.dc.html,445c52206f95e5167a956bd9084025cdf1b50af9e3750ab789f2330518f17e5e,frame+ready+fonts(Source Sans 3/Roboto Slab/FA6),FMC4 GEO TypeError on first render before fmc4-lib.js load; recovered (ready=true),State verified by inspection,—,"Simulated frozen-design render (FmComposer4 prototype, headless Chromium); not Discourse, device or AT proof"
S09,S09__C07-6__390x844__light.png,8ecdd8747da106bf6ee0f60e8bc88b837807907c303c3e51329ef3513a1ead17,59806,PNG image data,390x844,C07-6,"{""viewport"": ""phone"", ""scheme"": ""light"", ""preset"": ""C07-6"", ""rtl"": false, ""hwkb"": false, ""zoom"": ""1"", ""rm"": false}",phone,light,,Insert link on selection (C07·a),,"snapshot bcea0ad52242 + addendum render-deps (FmHeader, FmBottomNav)",_shot_S09.dc.html,385d3e09040a9e8a8a1a754738d9f551c98b0b3ba09e346b5f9feccaf6feb010,frame+ready+fonts(Source Sans 3/Roboto Slab/FA6),FMC4 GEO TypeError on first render before fmc4-lib.js load; recovered (ready=true),State verified by inspection,Selected phrase hidden behind the link tray at 390×844 (I-12).,"Simulated frozen-design render (FmComposer4 prototype, headless Chromium); not Discourse, device or AT proof"
S10,S10__C10-2__390x844__dark.png,55c5edb686d4ef66b7c8c3eb49153ba9e8b3e3f17709b56f8926e6ef97e8116d,34724,PNG image data,390x844,C10-2,"{""viewport"": ""phone"", ""scheme"": ""dark"", ""preset"": ""C10-2"", ""rtl"": false, ""hwkb"": false, ""zoom"": ""1"", ""rm"": false}",phone,dark,,Reply to a person (C10),,"snapshot bcea0ad52242 + addendum render-deps (FmHeader, FmBottomNav)",_shot_S10.dc.html,23f2e3973758b9dc6711919584cee9688915ec7e0d1b75d537af0a008825a633,frame+ready+fonts(Source Sans 3/Roboto Slab/FA6),FMC4 GEO TypeError on first render before fmc4-lib.js load; recovered (ready=true),State verified by inspection,—,"Simulated frozen-design render (FmComposer4 prototype, headless Chromium); not Discourse, device or AT proof"
S11,S11__C10-4__390x844__light.png,300ca42d880d9e1a17b99ffb56d13dd16a3dae122128930d33e1d33ad741780b,47196,PNG image data,390x844,C10-4,"{""viewport"": ""phone"", ""scheme"": ""light"", ""preset"": ""C10-4"", ""rtl"": false, ""hwkb"": false, ""zoom"": ""1"", ""rm"": false}",phone,light,,Quoted reply with attribution (C10),,"snapshot bcea0ad52242 + addendum render-deps (FmHeader, FmBottomNav)",_shot_S11.dc.html,1c9f2591bfa3d511797f21bc6a5f774a7685a5fc8088f07c66b1e596a0691a76,frame+ready+fonts(Source Sans 3/Roboto Slab/FA6),FMC4 GEO TypeError on first render before fmc4-lib.js load; recovered (ready=true),State verified by inspection,—,"Simulated frozen-design render (FmComposer4 prototype, headless Chromium); not Discourse, device or AT proof"
S12,S12__C06-3__390x844__light.png,1bdcaed6ea39e62c487adbdf468de35af092503ddd2f96fb94907ceada435c32,65017,PNG image data,390x844,C06-3,"{""viewport"": ""phone"", ""scheme"": ""light"", ""preset"": ""C06-3"", ""rtl"": false, ""hwkb"": false, ""zoom"": ""1"", ""rm"": false}",phone,light,,"Three uploads in place (C06, stage 4)",,"snapshot bcea0ad52242 + addendum render-deps (FmHeader, FmBottomNav)",_shot_S12.dc.html,a6d73237f3d69e9240b56c955e4ea2ac2886719f3e5bd12c5d7f0e791de0e309,frame+ready+fonts(Source Sans 3/Roboto Slab/FA6),FMC4 GEO TypeError on first render before fmc4-lib.js load; recovered (ready=true),State verified by inspection,—,"Simulated frozen-design render (FmComposer4 prototype, headless Chromium); not Discourse, device or AT proof"
S13,S13__C06-4__390x844__light.png,ea5e92b9b21240f678dcf22175a02df19abd7d1a70de5d1274bd30cbe1502a86,58359,PNG image data,390x844,C06-4,"{""viewport"": ""phone"", ""scheme"": ""light"", ""preset"": ""C06-4"", ""rtl"": false, ""hwkb"": false, ""zoom"": ""1"", ""rm"": false}",phone,light,,Partial upload failure,,"snapshot bcea0ad52242 + addendum render-deps (FmHeader, FmBottomNav)",_shot_S13.dc.html,5465a37fa10e865a90f1a9bab2545ec3b2d1cbaa5c6a1955b9906a2eb26119f2,frame+ready+fonts(Source Sans 3/Roboto Slab/FA6),FMC4 GEO TypeError on first render before fmc4-lib.js load; recovered (ready=true),State verified by inspection,—,"Simulated frozen-design render (FmComposer4 prototype, headless Chromium); not Discourse, device or AT proof"
S14,S14__C06-6__390x844__light.png,f71023f57380c1b3a9392042496a83b1fa14dd4c288b0fc97f8134cef7655819,57571,PNG image data,390x844,C06-6,"{""viewport"": ""phone"", ""scheme"": ""light"", ""preset"": ""C06-6"", ""rtl"": false, ""hwkb"": false, ""zoom"": ""1"", ""rm"": false}",phone,light,,Alt text tray (Partial in COV),,"snapshot bcea0ad52242 + addendum render-deps (FmHeader, FmBottomNav)",_shot_S14.dc.html,16894edc4fd8a5001ca6141e72bb5fab76d880867b85a096a1dab42f85fc6dc3,frame+ready+fonts(Source Sans 3/Roboto Slab/FA6),FMC4 GEO TypeError on first render before fmc4-lib.js load; recovered (ready=true),State verified by inspection,—,"Simulated frozen-design render (FmComposer4 prototype, headless Chromium); not Discourse, device or AT proof"
S15,S15__C06-7__1280x800__light.png,12c5a76b6877dcf15522043d15349de2b344edda4611490e9ad65cb1039dd3c7,37711,PNG image data,1280x800,C06-7,"{""viewport"": ""desktop"", ""scheme"": ""light"", ""preset"": ""C06-7"", ""rtl"": false, ""hwkb"": false, ""zoom"": ""1"", ""rm"": false}",desktop,light,,Drop on desktop,,"snapshot bcea0ad52242 + addendum render-deps (FmHeader, FmBottomNav)",_shot_S15.dc.html,418d6ad8cf22996231f8686ebb2d58234932075ce90a45faf5a821bb019e7919,frame+ready+fonts(Source Sans 3/Roboto Slab/FA6),FMC4 GEO TypeError on first render before fmc4-lib.js load; recovered (ready=true),State verified by inspection,—,"Simulated frozen-design render (FmComposer4 prototype, headless Chromium); not Discourse, device or AT proof"
S16,S16__C08-1__390x844__light.png,ce4b6401be73376a4f734f741265d3e6964245728d035fae5fa3227623128470,55038,PNG image data,390x844,C08-1,"{""viewport"": ""phone"", ""scheme"": ""light"", ""preset"": ""C08-1"", ""rtl"": false, ""hwkb"": false, ""zoom"": ""1"", ""rm"": false}",phone,light,,More with all tools,"D2, D9","snapshot bcea0ad52242 + addendum render-deps (FmHeader, FmBottomNav)",_shot_S16.dc.html,1c89a9568a4f2c7a90148db20e71bdf853a5ec2ac4aed3d58fd543f3ca982e99,frame+ready+fonts(Source Sans 3/Roboto Slab/FA6),FMC4 GEO TypeError on first render before fmc4-lib.js load; recovered (ready=true),State verified by inspection,More sheet has no emoji tool (D9 evidence).,"Simulated frozen-design render (FmComposer4 prototype, headless Chromium); not Discourse, device or AT proof"
S17,S17__C08-4__390x844__light.png,191e6a85c447ea38c741bc2c6bc9b6a7f062718a0bf1a662be5590c9d152d0b5,59134,PNG image data,390x844,C08-4,"{""viewport"": ""phone"", ""scheme"": ""light"", ""preset"": ""C08-4"", ""rtl"": false, ""hwkb"": false, ""zoom"": ""1"", ""rm"": false}",phone,light,,Details insert sheet,D6,"snapshot bcea0ad52242 + addendum render-deps (FmHeader, FmBottomNav)",_shot_S17.dc.html,26527512842b0a999b4de8cb110a017f2cb1a3e14be8586cf3e79dc6e00e3e60,frame+ready+fonts(Source Sans 3/Roboto Slab/FA6),FMC4 GEO TypeError on first render before fmc4-lib.js load; recovered (ready=true),State verified by inspection,—,"Simulated frozen-design render (FmComposer4 prototype, headless Chromium); not Discourse, device or AT proof"
S18,S18__C08-8__390x844__light.png,242114898461c649b614be080c2281bfbe8d1716dfb390b106bf071d44c133b9,60476,PNG image data,390x844,C08-8,"{""viewport"": ""phone"", ""scheme"": ""light"", ""preset"": ""C08-8"", ""rtl"": false, ""hwkb"": false, ""zoom"": ""1"", ""rm"": false}",phone,light,,Poll validation (copy differs from core),,"snapshot bcea0ad52242 + addendum render-deps (FmHeader, FmBottomNav)",_shot_S18.dc.html,9ff58f77e9c91e96c79ad705388e6aa0df6fa007c447fa636431950f3418390b,frame+ready+fonts(Source Sans 3/Roboto Slab/FA6),FMC4 GEO TypeError on first render before fmc4-lib.js load; recovered (ready=true),State verified by inspection,—,"Simulated frozen-design render (FmComposer4 prototype, headless Chromium); not Discourse, device or AT proof"
S19,S19__C08-10__390x844__light.png,0d5d2292d05e998942ac2a202e69c18a2d94da4e413b92c5afeac1c51836662c,61036,PNG image data,390x844,C08-10,"{""viewport"": ""phone"", ""scheme"": ""light"", ""preset"": ""C08-10"", ""rtl"": false, ""hwkb"": false, ""zoom"": ""1"", ""rm"": false}",phone,light,,Mention results (C08·b),,"snapshot bcea0ad52242 + addendum render-deps (FmHeader, FmBottomNav)",_shot_S19.dc.html,bb9c90ad1bae79ee5364ec577602dcce484715cbc10e20a9c175efcc52a9ab01,frame+ready+fonts(Source Sans 3/Roboto Slab/FA6),FMC4 GEO TypeError on first render before fmc4-lib.js load; recovered (ready=true),State verified by inspection,—,"Simulated frozen-design render (FmComposer4 prototype, headless Chromium); not Discourse, device or AT proof"
S20,S20__C12-1__390x844__light.png,eb52dad762dd00c165ee0b1e63af136bde4fadb9c31561842f35bc595c6910f4,49878,PNG image data,390x844,C12-1,"{""viewport"": ""phone"", ""scheme"": ""light"", ""preset"": ""C12-1"", ""rtl"": false, ""hwkb"": false, ""zoom"": ""1"", ""rm"": false}",phone,light,,Saving draft status,LT,"snapshot bcea0ad52242 + addendum render-deps (FmHeader, FmBottomNav)",_shot_S20.dc.html,a7aac0959b5d11b2000aed9e036969d18c5a074cb978fe5967ef9860b904100f,frame+ready+fonts(Source Sans 3/Roboto Slab/FA6),FMC4 GEO TypeError on first render before fmc4-lib.js load; recovered (ready=true),State verified by inspection,Spinner is static in a still; 'Saving draft…' text visible.,"Simulated frozen-design render (FmComposer4 prototype, headless Chromium); not Discourse, device or AT proof"
S21,S21__C12-4__390x844__light.png,02ab9406c49615f3a1dbf44b2f4a8820fb5f9ccb9c144cf55536aa152f35adae,60915,PNG image data,390x844,C12-4,"{""viewport"": ""phone"", ""scheme"": ""light"", ""preset"": ""C12-4"", ""rtl"": false, ""hwkb"": false, ""zoom"": ""1"", ""rm"": false}",phone,light,,Save failed banner,,"snapshot bcea0ad52242 + addendum render-deps (FmHeader, FmBottomNav)",_shot_S21.dc.html,b122f6117e9145b867dc6812bdbf396a26047e34add3fcda66858a71eaa3e6f7,frame+ready+fonts(Source Sans 3/Roboto Slab/FA6),FMC4 GEO TypeError on first render before fmc4-lib.js load; recovered (ready=true),State verified by inspection,—,"Simulated frozen-design render (FmComposer4 prototype, headless Chromium); not Discourse, device or AT proof"
S22,S22__C12-5__390x844__dark.png,378b009cf05cd1cfbc0985a62cfe766aa0dbb19a9e4744573380f1cadc1d1c4b,64282,PNG image data,390x844,C12-5,"{""viewport"": ""phone"", ""scheme"": ""dark"", ""preset"": ""C12-5"", ""rtl"": false, ""hwkb"": false, ""zoom"": ""1"", ""rm"": false}",phone,dark,,Offline close blocked,D4,"snapshot bcea0ad52242 + addendum render-deps (FmHeader, FmBottomNav)",_shot_S22.dc.html,4233284b392747757ee88cb61925d9fd4f3767f9a05c7d8562fc36dd729f1e14,frame+ready+fonts(Source Sans 3/Roboto Slab/FA6),FMC4 GEO TypeError on first render before fmc4-lib.js load; recovered (ready=true),State verified by inspection,—,"Simulated frozen-design render (FmComposer4 prototype, headless Chromium); not Discourse, device or AT proof"
S23,S23__C15-1__390x844__light.png,06aafc98c5eba4f6a6c611eb91ad8176947e540d7a1c9f625cb903b318f91973,67386,PNG image data,390x844,C15-1,"{""viewport"": ""phone"", ""scheme"": ""light"", ""preset"": ""C15-1"", ""rtl"": false, ""hwkb"": false, ""zoom"": ""1"", ""rm"": false}",phone,light,,Draft changed elsewhere,D3,"snapshot bcea0ad52242 + addendum render-deps (FmHeader, FmBottomNav)",_shot_S23.dc.html,d9d5a1a30f78165307bd3437c9af13469a2572bec37e699f30516f77b46a99dd,frame+ready+fonts(Source Sans 3/Roboto Slab/FA6),FMC4 GEO TypeError on first render before fmc4-lib.js load; recovered (ready=true),State verified by inspection,—,"Simulated frozen-design render (FmComposer4 prototype, headless Chromium); not Discourse, device or AT proof"
S24,S24__C15-3__390x844__dark.png,6a842a0888664e2b0ed57544a542bcba3bd96fbb60d16f146b58f9a21d344e64,41191,PNG image data,390x844,C15-3,"{""viewport"": ""phone"", ""scheme"": ""dark"", ""preset"": ""C15-3"", ""rtl"": false, ""hwkb"": false, ""zoom"": ""1"", ""rm"": false}",phone,dark,,Post edit conflict,,"snapshot bcea0ad52242 + addendum render-deps (FmHeader, FmBottomNav)",_shot_S24.dc.html,5ef534e64fc89a801ca4f374db9d561fb57191bf3788b364a5b716ec1d0cf956,frame+ready+fonts(Source Sans 3/Roboto Slab/FA6),FMC4 GEO TypeError on first render before fmc4-lib.js load; recovered (ready=true),State verified by inspection,—,"Simulated frozen-design render (FmComposer4 prototype, headless Chromium); not Discourse, device or AT proof"
S25,S25__C13-4__390x844__light.png,42440448efa808bf7a37618c47f4b3bbfe4548a70e81015f279017d5e0fcee35,70198,PNG image data,390x844,C13-4,"{""viewport"": ""phone"", ""scheme"": ""light"", ""preset"": ""C13-4"", ""rtl"": false, ""hwkb"": false, ""zoom"": ""1"", ""rm"": false}",phone,light,,Category permission revoked (C13),,"snapshot bcea0ad52242 + addendum render-deps (FmHeader, FmBottomNav)",_shot_S25.dc.html,059613b259793719732be52e039ce7043261e905684d24cfccd4c7251bf7a3fb,frame+ready+fonts(Source Sans 3/Roboto Slab/FA6),FMC4 GEO TypeError on first render before fmc4-lib.js load; recovered (ready=true),State verified by inspection,—,"Simulated frozen-design render (FmComposer4 prototype, headless Chromium); not Discourse, device or AT proof"
S26,S26__C19-3__390x844__light.png,e7abc72f61aea809dfe2f291ed0bd30bf22fa482daf3d52ec5a614ab361e02e4,38977,PNG image data,390x844,C19-3,"{""viewport"": ""phone"", ""scheme"": ""light"", ""preset"": ""C19-3"", ""rtl"": false, ""hwkb"": false, ""zoom"": ""1"", ""rm"": false}",phone,light,,Topic closed while writing (C19),,"snapshot bcea0ad52242 + addendum render-deps (FmHeader, FmBottomNav)",_shot_S26.dc.html,e83ba66f4b3ad74118f798db94ae69e7936a28fd99738108f3fda718ef31cce1,frame+ready+fonts(Source Sans 3/Roboto Slab/FA6),FMC4 GEO TypeError on first render before fmc4-lib.js load; recovered (ready=true),State verified by inspection,—,"Simulated frozen-design render (FmComposer4 prototype, headless Chromium); not Discourse, device or AT proof"
S27,S27__C19-4__390x844__light.png,e00978e2aa242d1ca5a4fab5b2dc0ad1f662f4ba1053368d24e821eb5f9e7f6e,60390,PNG image data,390x844,C19-4,"{""viewport"": ""phone"", ""scheme"": ""light"", ""preset"": ""C19-4"", ""rtl"": false, ""hwkb"": false, ""zoom"": ""1"", ""rm"": false}",phone,light,,Session expired,D10,"snapshot bcea0ad52242 + addendum render-deps (FmHeader, FmBottomNav)",_shot_S27.dc.html,510d834cc16c156d77d12ba09216d28f6754ad0b3b920d650bf5642de860aa0c,frame+ready+fonts(Source Sans 3/Roboto Slab/FA6),FMC4 GEO TypeError on first render before fmc4-lib.js load; recovered (ready=true),State verified by inspection,—,"Simulated frozen-design render (FmComposer4 prototype, headless Chromium); not Discourse, device or AT proof"
S28,S28__C16-1__390x844__light.png,f265d4d5fdef8e2b9d3fa89f9c90f09ba149a07be2151f322cdf44c9e00b953f,49771,PNG image data,390x844,C16-1,"{""viewport"": ""phone"", ""scheme"": ""light"", ""preset"": ""C16-1"", ""rtl"": false, ""hwkb"": false, ""zoom"": ""1"", ""rm"": false}",phone,light,,"Submitting, busy (C16)",,"snapshot bcea0ad52242 + addendum render-deps (FmHeader, FmBottomNav)",_shot_S28.dc.html,1014fa887aa08d774cc4f4cbf407d700d1ba09db86648f9770bbe1e621b375aa,frame+ready+fonts(Source Sans 3/Roboto Slab/FA6),FMC4 GEO TypeError on first render before fmc4-lib.js load; recovered (ready=true),State verified by inspection,Busy spinner static in a still.,"Simulated frozen-design render (FmComposer4 prototype, headless Chromium); not Discourse, device or AT proof"
S29,S29__C16-4__390x844__light.png,4e941c9983970fd7842a60c7dadcc573df72f82f1a91fcdd74dcb44a2c81e2f5,59024,PNG image data,390x844,C16-4,"{""viewport"": ""phone"", ""scheme"": ""light"", ""preset"": ""C16-4"", ""rtl"": false, ""hwkb"": false, ""zoom"": ""1"", ""rm"": false}",phone,light,,Edit saved return (C16),,"snapshot bcea0ad52242 + addendum render-deps (FmHeader, FmBottomNav)",_shot_S29.dc.html,13d421bd344e9bcc22e89335f95f4ce1e4532eddeda46a65d2c8f4342d49fef7,frame+ready+fonts(Source Sans 3/Roboto Slab/FA6),FMC4 GEO TypeError on first render before fmc4-lib.js load; recovered (ready=true),State verified by inspection,—,"Simulated frozen-design render (FmComposer4 prototype, headless Chromium); not Discourse, device or AT proof"
S30,S30__C17__390x844__light.png,ebb75a6392edde1c57933ffa3b464702c22aa9903c9e414fbe0208ef9f2a0cf9,40448,PNG image data,390x844,C17,"{""viewport"": ""phone"", ""scheme"": ""light"", ""preset"": ""C17"", ""rtl"": false, ""hwkb"": false, ""zoom"": ""1"", ""rm"": false}",phone,light,,Awaiting approval (C17),,"snapshot bcea0ad52242 + addendum render-deps (FmHeader, FmBottomNav)",_shot_S30.dc.html,d653da7290f13251868c813f78a920c950c65ae5ec25a383f6db9b0686e34cf2,frame+ready+fonts(Source Sans 3/Roboto Slab/FA6),FMC4 GEO TypeError on first render before fmc4-lib.js load; recovered (ready=true),State verified by inspection,Approval dialog body differs from core review.approval.description.,"Simulated frozen-design render (FmComposer4 prototype, headless Chromium); not Discourse, device or AT proof"
S31,S31__C18-4__390x844__light.png,cb3bb978a72c8f2dce0c42cccb6822f17f32d672e52aa3d82abbacf580f6c597,50610,PNG image data,390x844,C18-4,"{""viewport"": ""phone"", ""scheme"": ""light"", ""preset"": ""C18-4"", ""rtl"": false, ""hwkb"": false, ""zoom"": ""1"", ""rm"": false}",phone,light,,Form category switch,"D5, D8","snapshot bcea0ad52242 + addendum render-deps (FmHeader, FmBottomNav)",_shot_S31.dc.html,4500f74273ce89ebca866538edee1cdaa5640fdb4e186b84393c3b2ac56888ea,frame+ready+fonts(Source Sans 3/Roboto Slab/FA6),FMC4 GEO TypeError on first render before fmc4-lib.js load; recovered (ready=true),State verified by inspection,—,"Simulated frozen-design render (FmComposer4 prototype, headless Chromium); not Discourse, device or AT proof"
S32,S32__TAB-1__834x1194__light.png,2c277f688ed96b7157213d330eca1fd30d20d1d162d156a04c2c8642d02e5966,97011,PNG image data,834x1194,TAB-1,"{""viewport"": ""tabletP"", ""scheme"": ""light"", ""preset"": ""M2"", ""rtl"": false, ""hwkb"": false, ""zoom"": ""1"", ""rm"": false}",tabletP,light,,"Docked portrait, keyboard",D1,"snapshot bcea0ad52242 + addendum render-deps (FmHeader, FmBottomNav)",_shot_S32.dc.html,4a1b2a50c0cd15f82322507f93fe79fac34af2f60bc0579e6219b8829c4de63e,frame+ready+fonts(Source Sans 3/Roboto Slab/FA6),FMC4 GEO TypeError on first render before fmc4-lib.js load; recovered (ready=true),State verified by inspection,—,"Simulated frozen-design render (FmComposer4 prototype, headless Chromium); not Discourse, device or AT proof"
S33,S33__TAB-3__1194x834__light.png,36c4b0327e71dedbdb68b21959bfa2af83aa16c513822c24331b1bade35d0313,71242,PNG image data,1194x834,TAB-3,"{""viewport"": ""tabletL"", ""scheme"": ""light"", ""preset"": ""M2"", ""rtl"": false, ""hwkb"": false, ""zoom"": ""1"", ""rm"": false}",tabletL,light,,Landscape auto full height,D1,"snapshot bcea0ad52242 + addendum render-deps (FmHeader, FmBottomNav)",_shot_S33.dc.html,547fe67c9bca2c7c2b512a3b5f8d3d6314b101e64a6d0f6779e07bb160b4dc29,frame+ready+fonts(Source Sans 3/Roboto Slab/FA6),FMC4 GEO TypeError on first render before fmc4-lib.js load; recovered (ready=true),State verified by inspection,—,"Simulated frozen-design render (FmComposer4 prototype, headless Chromium); not Discourse, device or AT proof"
S34,S34__TAB-4__1194x834__light__hwkb.png,a7656dfa1c66da341e32c32a6fcfffb14b0bc45200876c65827b9e605f3a9488,84094,PNG image data,1194x834,TAB-4,"{""viewport"": ""tabletL"", ""scheme"": ""light"", ""preset"": ""M3"", ""rtl"": false, ""hwkb"": true, ""zoom"": ""1"", ""rm"": false}",tabletL,light,hwkb,Hardware keyboard + trackpad,D1,"snapshot bcea0ad52242 + addendum render-deps (FmHeader, FmBottomNav)",_shot_S34.dc.html,a938072da3255a49a84315f55df044bc6495f1b1891b8a624e9fb5cda516aac8,frame+ready+fonts(Source Sans 3/Roboto Slab/FA6),FMC4 GEO TypeError on first render before fmc4-lib.js load; recovered (ready=true),State verified by inspection,—,"Simulated frozen-design render (FmComposer4 prototype, headless Chromium); not Discourse, device or AT proof"
S35,S35__TAB-5__600x834__light.png,9029157e6e13487c70662f4253f3bd0c6ddf4699dac7c2ef8392464b9a07ec8f,66976,PNG image data,600x834,TAB-5,"{""viewport"": ""split600"", ""scheme"": ""light"", ""preset"": ""M2"", ""rtl"": false, ""hwkb"": false, ""zoom"": ""1"", ""rm"": false}",split600,light,,Split 600 full height,D1,"snapshot bcea0ad52242 + addendum render-deps (FmHeader, FmBottomNav)",_shot_S35.dc.html,bc663312fc6b610e0fb8cd98759246155ff6fd30f2e6512749c350e96b04d44e,frame+ready+fonts(Source Sans 3/Roboto Slab/FA6),FMC4 GEO TypeError on first render before fmc4-lib.js load; recovered (ready=true),State verified by inspection,—,"Simulated frozen-design render (FmComposer4 prototype, headless Chromium); not Discourse, device or AT proof"
S36,S36__TAB-6__375x834__light.png,2433eb2aa6cf2f37b2c04269f514d39a633ee831c6d02b9ba8761301b54575dc,64717,PNG image data,375x834,TAB-6,"{""viewport"": ""splitNarrow"", ""scheme"": ""light"", ""preset"": ""M2"", ""rtl"": false, ""hwkb"": false, ""zoom"": ""1"", ""rm"": false}",splitNarrow,light,,Narrow split phone rules,D1,"snapshot bcea0ad52242 + addendum render-deps (FmHeader, FmBottomNav)",_shot_S36.dc.html,cc096aaeb7b404da3861b46639729867fff48662c3ed475639766879bd70bed7,frame+ready+fonts(Source Sans 3/Roboto Slab/FA6),FMC4 GEO TypeError on first render before fmc4-lib.js load; recovered (ready=true),State verified by inspection,—,"Simulated frozen-design render (FmComposer4 prototype, headless Chromium); not Discourse, device or AT proof"
S37,S37__TAB-8__834x1194__light.png,37eddecaec845b075053f29837f0951e1f823f1e1864f73f75e42866e2c3a72c,98569,PNG image data,834x1194,TAB-8,"{""viewport"": ""tabletP"", ""scheme"": ""light"", ""preset"": ""C08-1"", ""rtl"": false, ""hwkb"": false, ""zoom"": ""1"", ""rm"": false}",tabletP,light,,More popover on tablet,"D1, D2, D9","snapshot bcea0ad52242 + addendum render-deps (FmHeader, FmBottomNav)",_shot_S37.dc.html,0f51572c3ac710caea4e722413f6a24615a6d9b61c371167cad34e3120248ab5,frame+ready+fonts(Source Sans 3/Roboto Slab/FA6),FMC4 GEO TypeError on first render before fmc4-lib.js load; recovered (ready=true),State verified by inspection,"More popover drawn; the review preset has no keyboard up, so 'keyboard stays' is not depicted.","Simulated frozen-design render (FmComposer4 prototype, headless Chromium); not Discourse, device or AT proof"
S38,S38__D-1__1280x800__light.png,be941244bb5e0be1bea6ac2feef57bf721b951ec13656001c2f1358f24ddf614,49183,PNG image data,1280x800,D-1,"{""viewport"": ""desktop"", ""scheme"": ""light"", ""preset"": ""C01"", ""rtl"": false, ""hwkb"": false, ""zoom"": ""1"", ""rm"": false}",desktop,light,,Desktop docked new topic,,"snapshot bcea0ad52242 + addendum render-deps (FmHeader, FmBottomNav)",_shot_S38.dc.html,d0e6b18adbced6a96c32ff8d5ead559b0fe33e0ff30196c4c2198c969ece0fa5,frame+ready+fonts(Source Sans 3/Roboto Slab/FA6),FMC4 GEO TypeError on first render before fmc4-lib.js load; recovered (ready=true),State verified by inspection,—,"Simulated frozen-design render (FmComposer4 prototype, headless Chromium); not Discourse, device or AT proof"
S39,S39__C11__1280x800__light.png,ff5bdded3b0065ec397781567a69fd81029002dd6a647e9a03160a0f65c2222a,76204,PNG image data,1280x800,C11,"{""viewport"": ""desktop"", ""scheme"": ""light"", ""preset"": ""C11"", ""rtl"": false, ""hwkb"": false, ""zoom"": ""1"", ""rm"": false}",desktop,light,,Edit first post (C11),,"snapshot bcea0ad52242 + addendum render-deps (FmHeader, FmBottomNav)",_shot_S39.dc.html,46312bd15f6159de4baea7db9459fc1bbdcbc8b174dd458131edc329d7aea01a,frame+ready+fonts(Source Sans 3/Roboto Slab/FA6),FMC4 GEO TypeError on first render before fmc4-lib.js load; recovered (ready=true),State verified by inspection,—,"Simulated frozen-design render (FmComposer4 prototype, headless Chromium); not Discourse, device or AT proof"
S40,S40__A-1__390x844__light__zoom1.5.png,127832464d016b5400fa65117b040cc8a34acedf8daea9e8fa3bb981c1c870db,59221,PNG image data,390x844,A-1,"{""viewport"": ""phone"", ""scheme"": ""light"", ""preset"": ""C04"", ""rtl"": false, ""hwkb"": false, ""zoom"": ""1.5"", ""rm"": false}",phone,light,zoom 1.5,"Large text, saved status compact",LT,"snapshot bcea0ad52242 + addendum render-deps (FmHeader, FmBottomNav)",_shot_S40.dc.html,efd95a17316a529a18f1de1144e50226ed4b58afd0e3ec9d82a7327ada538570,frame+ready+fonts(Source Sans 3/Roboto Slab/FA6),FMC4 GEO TypeError on first render before fmc4-lib.js load; recovered (ready=true),State verified by inspection,Frame measures 390×844.5 CSS px at zoom 1.5 (rounding); image clipped to 390×844. Saved status is icon-only.,"Simulated frozen-design render (FmComposer4 prototype, headless Chromium); not Discourse, device or AT proof"
S41,S41__C12-4__390x844__light__zoom1.5.png,8a901cb75c005f1307077352354cec6905556844e9e15942e453dc9feb8fe4fc,53023,PNG image data,390x844,"C12-4 (prototype render, not a named frame)","{""viewport"": ""phone"", ""scheme"": ""light"", ""preset"": ""C12-4"", ""rtl"": false, ""hwkb"": false, ""zoom"": ""1.5"", ""rm"": false}",phone,light,zoom 1.5,Unsaved status at <330 CSS px — the LT concern,LT,"snapshot bcea0ad52242 + addendum render-deps (FmHeader, FmBottomNav)",_shot_S41.dc.html,5a29fc79b24b734aa26e5cec7d8db845593d4c1b17607760272f2aa0e2a6b581,frame+ready+fonts(Source Sans 3/Roboto Slab/FA6),FMC4 GEO TypeError on first render before fmc4-lib.js load; recovered (ready=true),State verified by inspection,"Prototype render, not a named review frame. Draft status is icon-only (⚠) at 260 CSS px effective width; banner still states 'Draft not saved.' — LT evidence.","Simulated frozen-design render (FmComposer4 prototype, headless Chromium); not Discourse, device or AT proof"
S42,S42__A-4-D__360x740__dark__rtl.png,831a6ed1084ee23b7f2176087baf3e542c49e817249d2138ef5304ae15883693,49401,PNG image data,360x740,A-4-D,"{""viewport"": ""narrow"", ""scheme"": ""dark"", ""preset"": ""R1"", ""rtl"": true, ""hwkb"": false, ""zoom"": ""1"", ""rm"": false}",narrow,dark,rtl,RTL AMOLED narrow,,"snapshot bcea0ad52242 + addendum render-deps (FmHeader, FmBottomNav)",_shot_S42.dc.html,f06afb26e218fae4deef4e71a807ea41f6bf27e0769e6247b1cafb5733e5ea70,frame+ready+fonts(Source Sans 3/Roboto Slab/FA6),FMC4 GEO TypeError on first render before fmc4-lib.js load; recovered (ready=true),State verified by inspection,—,"Simulated frozen-design render (FmComposer4 prototype, headless Chromium); not Discourse, device or AT proof"
S43,S43__A-5__360x740__light.png,c0549e85a954bcf6a77cd8ecd5a7a9c9ed0ef8ab7011e5f4ddae94ede1cf842e,67256,PNG image data,360x740,A-5,"{""viewport"": ""narrow"", ""scheme"": ""light"", ""preset"": ""L1"", ""rtl"": false, ""hwkb"": false, ""zoom"": ""1"", ""rm"": false}",narrow,light,,Long title and long category,,"snapshot bcea0ad52242 + addendum render-deps (FmHeader, FmBottomNav)",_shot_S43.dc.html,fc665d0d3dce1ae18ad8881c7485ffe790e54fdd572a8fb6b0fbfba7cf34043f,frame+ready+fonts(Source Sans 3/Roboto Slab/FA6),FMC4 GEO TypeError on first render before fmc4-lib.js load; recovered (ready=true),State verified by inspection,—,"Simulated frozen-design render (FmComposer4 prototype, headless Chromium); not Discourse, device or AT proof"
S44,S44__M5__390x844__light.png,c275cbd959f25cf139eef74cc851be45487542a8b206dd236e06e017e1c38a6f,46841,PNG image data,390x844,M5,"{""viewport"": ""phone"", ""scheme"": ""light"", ""preset"": ""M5"", ""rtl"": false, ""hwkb"": false, ""zoom"": ""1"", ""rm"": false}",phone,light,,Minimized above bar (C12),,"snapshot bcea0ad52242 + addendum render-deps (FmHeader, FmBottomNav)",_shot_S44.dc.html,6d998b1ed64f455d963294eb53c1ddfc4a43b8a83765c27c7571d1da29b011af,frame+ready+fonts(Source Sans 3/Roboto Slab/FA6),FMC4 GEO TypeError on first render before fmc4-lib.js load; recovered (ready=true),State verified by inspection,—,"Simulated frozen-design render (FmComposer4 prototype, headless Chromium); not Discourse, device or AT proof"
